model,feature_representation,outer_fold,condition,alpha,accuracy,macro_precision,macro_recall,macro_f1,n_test,correct_predictions,n_iter
mlp,colour,0,clean,0.01,0.5574443141852286,0.5504021368042052,0.5564135327677432,0.5518293974988394,1706,951,27
mlp,colour,0,blur_mild,0.01,0.49413833528722156,0.49067964655782953,0.49134566054767936,0.48420747394620306,1706,843,27
mlp,colour,0,blur_medium,0.01,0.46131301289566234,0.457967848189599,0.45755658335469257,0.4465114482578549,1706,787,27
mlp,colour,0,blur_severe,0.01,0.4437280187573271,0.44401862520419955,0.4397281554807244,0.42898152373627135,1706,757,27
mlp,colour,0,brightness_mild,0.01,0.4742086752637749,0.4931236864083451,0.4750129815811332,0.46378095112563994,1706,809,27
mlp,colour,0,brightness_medium,0.01,0.39273153575615477,0.39059592311618907,0.3955443404248111,0.3550351018619767,1706,670,27
mlp,colour,0,brightness_severe,0.01,0.34114888628370454,0.3503147975832858,0.34068646202423974,0.3033072951294364,1706,582,27
mlp,colour,1,clean,0.01,0.563305978898007,0.5542316368005308,0.5609406967105361,0.5509831887044663,1706,961,30
mlp,colour,1,blur_mild,0.01,0.5169988276670574,0.511873133377558,0.5133388178264414,0.5031802484258917,1706,882,30
mlp,colour,1,blur_medium,0.01,0.48534583821805394,0.48366230576461616,0.4808539657736239,0.4692500894897132,1706,828,30
mlp,colour,1,blur_severe,0.01,0.4630715123094959,0.46221680185683184,0.4582686428697906,0.44525550533696195,1706,790,30
mlp,colour,1,brightness_mild,0.01,0.47245017584994137,0.47072662566635026,0.4719703614143212,0.45077273444783766,1706,806,30
mlp,colour,1,brightness_medium,0.01,0.3892145369284877,0.3928451831322484,0.3917236293651896,0.3508609043510322,1706,664,30
mlp,colour,1,brightness_severe,0.01,0.34232121922626024,0.34880905473364526,0.34317876173690637,0.3070954413180684,1706,584,30
mlp,colour,2,clean,0.001,0.5580304806565064,0.5501684930487705,0.5560283901432436,0.5516976626918672,1706,952,25
mlp,colour,2,blur_mild,0.001,0.5263774912075029,0.5242373498185952,0.5229074367194952,0.5149161614108034,1706,898,25
mlp,colour,2,blur_medium,0.001,0.4912075029308324,0.49145565428837124,0.4869001448120027,0.47695544522754924,1706,838,25
mlp,colour,2,blur_severe,0.001,0.47362250879249707,0.47835985731191205,0.46835467199885145,0.4568458558512192,1706,808,25
mlp,colour,2,brightness_mild,0.001,0.4835873388042204,0.49802716540010494,0.4831516931487942,0.46569567658956074,1706,825,25
mlp,colour,2,brightness_medium,0.001,0.39859320046893315,0.4250534447033101,0.4017494044282104,0.35928840710106075,1706,680,25
mlp,colour,2,brightness_severe,0.001,0.3194607268464244,0.3162486164334741,0.3195721192085231,0.2702211229830945,1706,545,25
mlp,colour,3,clean,0.001,0.5598591549295775,0.5525912167654138,0.5582671768445547,0.5507754443447973,1704,954,33
mlp,colour,3,blur_mild,0.001,0.5070422535211268,0.5008597075847439,0.5044249203080396,0.49618131537084564,1704,864,33
mlp,colour,3,blur_medium,0.001,0.47593896713615025,0.47316361135050594,0.4725078137507177,0.46264374426856136,1704,811,33
mlp,colour,3,blur_severe,0.001,0.45715962441314556,0.45395605129723143,0.4530711380651293,0.4408662208132081,1704,779,33
mlp,colour,3,brightness_mild,0.001,0.49589201877934275,0.49132397261364075,0.49641081481369814,0.48767303143432567,1704,845,33
mlp,colour,3,brightness_medium,0.001,0.4242957746478873,0.4390488363289173,0.4271687790641315,0.3913134265325824,1704,723,33
mlp,colour,3,brightness_severe,0.001,0.340962441314554,0.33137575397001434,0.34070622839008907,0.29196794585408486,1704,581,33
mlp,colour,4,clean,0.001,0.5631238990017616,0.5550782410517084,0.5613344199514978,0.5562099821741245,1703,959,31
mlp,colour,4,blur_mild,0.001,0.5155607751027599,0.5182746425873671,0.5132137212091815,0.5071996228567927,1703,878,31
mlp,colour,4,blur_medium,0.001,0.47856723429242515,0.485754740559071,0.4756046775603829,0.46723787237295494,1703,815,31
mlp,colour,4,blur_severe,0.001,0.45625366999412803,0.4638622306732651,0.45310159352301355,0.44250329823257606,1703,777,31
mlp,colour,4,brightness_mild,0.001,0.4750440399295361,0.48248524356089467,0.4758016654218229,0.4604121738932084,1703,809,31
mlp,colour,4,brightness_medium,0.001,0.41045214327657076,0.4159079767272622,0.41332477996712225,0.3710583473549461,1703,699,31
mlp,colour,4,brightness_severe,0.001,0.33352906635349383,0.32356027786512015,0.332243236705581,0.2819093682756222,1703,568,31
mlp,colour,5,clean,0.0001,0.5696649029982364,0.5652969901186936,0.5680698204364846,0.5638713025383945,1701,969,34
mlp,colour,5,blur_mild,0.0001,0.5196942974720753,0.5176498380413787,0.5170594008700341,0.5097500729575797,1701,884,34
mlp,colour,5,blur_medium,0.0001,0.48206937095825986,0.47986601911427523,0.47828115132750787,0.4666030172974351,1701,820,34
mlp,colour,5,blur_severe,0.0001,0.4532627865961199,0.4483562319825074,0.44904190572024066,0.43402715294017163,1701,771,34
mlp,colour,5,brightness_mild,0.0001,0.496766607877719,0.5061350732734098,0.4973508669288463,0.4864274293972495,1701,845,34
mlp,colour,5,brightness_medium,0.0001,0.3956496178718401,0.4162546387803257,0.3978861383484924,0.3581296977938447,1701,673,34
mlp,colour,5,brightness_severe,0.0001,0.34509112286890065,0.3326037911030187,0.34498929293387715,0.2976822194331931,1701,587,34
mlp,colour,6,clean,0.0001,0.5649617871840094,0.561494315937615,0.5623093626857878,0.5556046134095901,1701,961,31
mlp,colour,6,blur_mild,0.0001,0.5238095238095238,0.5188208831843578,0.519569038528325,0.5102100721367373,1701,891,31
mlp,colour,6,blur_medium,0.0001,0.48500881834215165,0.4787555448916692,0.4797413655281196,0.4647478107690444,1701,825,31
mlp,colour,6,blur_severe,0.0001,0.4573780129335685,0.4578845090431532,0.45198589845242415,0.4388994947567288,1701,778,31
mlp,colour,6,brightness_mild,0.0001,0.49265138154027044,0.5057618717683107,0.49349648022402376,0.48262635485113675,1701,838,31
mlp,colour,6,brightness_medium,0.0001,0.3803644914756026,0.3866187956250711,0.382515231564178,0.33324459898181913,1701,647,31
mlp,colour,6,brightness_severe,0.0001,0.3386243386243386,0.35922839501177917,0.338022307819938,0.3012312919741527,1701,576,31
mlp,colour,7,clean,0.01,0.5796590241034686,0.575585668856478,0.5779139471376908,0.5745404987421159,1701,986,32
mlp,colour,7,blur_mild,0.01,0.5296884185773074,0.5310803514527889,0.5265679736328055,0.5214448307047885,1701,901,32
mlp,colour,7,blur_medium,0.01,0.4897119341563786,0.49402222065598433,0.4853905413108335,0.4765374417370811,1701,833,32
mlp,colour,7,blur_severe,0.01,0.4620811287477954,0.45952126833751933,0.4571924467300071,0.44463416486538204,1701,786,32
mlp,colour,7,brightness_mild,0.01,0.4914756025867137,0.49206454038401143,0.4903146647769076,0.48048293895295124,1701,836,32
mlp,colour,7,brightness_medium,0.01,0.41681363903586127,0.4040585183376095,0.4205623489120147,0.3766630226269881,1701,709,32
mlp,colour,7,brightness_severe,0.01,0.33803644914756026,0.3513673481997372,0.3384327731611567,0.3011421260421325,1701,575,32
mlp,colour,8,clean,0.01,0.5564705882352942,0.5502553737008777,0.553635470603684,0.547057420341644,1700,946,23
mlp,colour,8,blur_mild,0.01,0.5170588235294118,0.5050645014353995,0.512711311795099,0.502229780305214,1700,879,23
mlp,colour,8,blur_medium,0.01,0.4935294117647059,0.4793559220537993,0.48841690385569764,0.4744094704122721,1700,839,23
mlp,colour,8,blur_severe,0.01,0.4711764705882353,0.45654060162889865,0.4655803884612746,0.449559200177517,1700,801,23
mlp,colour,8,brightness_mild,0.01,0.4688235294117647,0.48169668271207905,0.46828675284100146,0.45230757306694896,1700,797,23
mlp,colour,8,brightness_medium,0.01,0.3870588235294118,0.39296565924370697,0.39074233008687914,0.34718620178933407,1700,658,23
mlp,colour,8,brightness_severe,0.01,0.32823529411764707,0.34223688177452954,0.32843498455661946,0.28611039792909615,1700,558,23
mlp,colour,9,clean,0.01,0.5617647058823529,0.5531278550409207,0.5594445005527966,0.5527974455184493,1700,955,29
mlp,colour,9,blur_mild,0.01,0.5229411764705882,0.5119028164046426,0.5189504069780663,0.5055592651618767,1700,889,29
mlp,colour,9,blur_medium,0.01,0.4958823529411765,0.49240381473762707,0.49119350224149283,0.4749151650931949,1700,843,29
mlp,colour,9,blur_severe,0.01,0.48058823529411765,0.48426833191724233,0.4757483988721251,0.4595254845244185,1700,817,29
mlp,colour,9,brightness_mild,0.01,0.5011764705882353,0.49879412468868384,0.5007190235419919,0.48350784460937873,1700,852,29
mlp,colour,9,brightness_medium,0.01,0.40647058823529414,0.4228847801735474,0.4084478650530896,0.3670572269404002,1700,691,29
mlp,colour,9,brightness_severe,0.01,0.3417647058823529,0.32402024751067243,0.34308407691411363,0.29821248210667906,1700,581,29
mlp,hog,0,clean,0.01,0.7420867526377491,0.747882046251887,0.7456389508487349,0.7464238044448738,1706,1266,14
mlp,hog,0,blur_mild,0.01,0.6811254396248535,0.694400108959487,0.6886367471087799,0.6807156543225513,1706,1162,14
mlp,hog,0,blur_medium,0.01,0.6019929660023446,0.6227295581218842,0.6088622946957152,0.6053174664046401,1706,1027,14
mlp,hog,0,blur_severe,0.01,0.5357561547479485,0.5670017797906537,0.5410005430505086,0.5378968641688703,1706,914,14
mlp,hog,0,brightness_mild,0.01,0.7420867526377491,0.747882046251887,0.7456389508487349,0.7464238044448738,1706,1266,14
mlp,hog,0,brightness_medium,0.01,0.7420867526377491,0.747882046251887,0.7456389508487349,0.7464238044448738,1706,1266,14
mlp,hog,0,brightness_severe,0.01,0.7420867526377491,0.747882046251887,0.7456389508487349,0.7464238044448738,1706,1266,14
mlp,hog,1,clean,0.001,0.7708089097303634,0.7785152364425553,0.7727335702662635,0.7745326963477589,1706,1315,18
mlp,hog,1,blur_mild,0.001,0.7198124267291911,0.7307923195123024,0.7246466663882188,0.7236572436448663,1706,1228,18
mlp,hog,1,blur_medium,0.001,0.6359906213364596,0.6595122406380101,0.6400103208127758,0.6422081677478039,1706,1085,18
mlp,hog,1,blur_severe,0.001,0.5527549824150059,0.5860907080732117,0.556163379146262,0.5588027707207748,1706,943,18
mlp,hog,1,brightness_mild,0.001,0.7708089097303634,0.7785152364425553,0.7727335702662635,0.7745326963477589,1706,1315,18
mlp,hog,1,brightness_medium,0.001,0.7708089097303634,0.7785152364425553,0.7727335702662635,0.7745326963477589,1706,1315,18
mlp,hog,1,brightness_severe,0.001,0.7708089097303634,0.7785152364425553,0.7727335702662635,0.7745326963477589,1706,1315,18
mlp,hog,2,clean,0.01,0.7602579132473622,0.7648578992459437,0.7628633386564756,0.7625578187928976,1706,1297,18
mlp,hog,2,blur_mild,0.01,0.694021101992966,0.7022949288460936,0.7004655250632595,0.6939195939423936,1706,1184,18
mlp,hog,2,blur_medium,0.01,0.6172332942555686,0.6342789298153675,0.6230495986529446,0.6188742718763736,1706,1053,18
mlp,hog,2,blur_severe,0.01,0.5246189917936694,0.5543851290520467,0.5290614443444547,0.5262319396658933,1706,895,18
mlp,hog,2,brightness_mild,0.01,0.7602579132473622,0.7648578992459437,0.7628633386564756,0.7625578187928976,1706,1297,18
mlp,hog,2,brightness_medium,0.01,0.7602579132473622,0.7648578992459437,0.7628633386564756,0.7625578187928976,1706,1297,18
mlp,hog,2,brightness_severe,0.01,0.7602579132473622,0.7648578992459437,0.7628633386564756,0.7625578187928976,1706,1297,18
mlp,hog,3,clean,0.001,0.7564553990610329,0.758809850516145,0.7600688237439944,0.7591035965254912,1704,1289,27
mlp,hog,3,blur_mild,0.001,0.6913145539906104,0.7024127186696081,0.6985440091282763,0.6915454738151344,1704,1178,27
mlp,hog,3,blur_medium,0.001,0.6103286384976526,0.6272087517670418,0.6184530160861142,0.6117130910617109,1704,1040,27
mlp,hog,3,blur_severe,0.001,0.5158450704225352,0.5499754390299909,0.5222544319231811,0.518766174049061,1704,879,27
mlp,hog,3,brightness_mild,0.001,0.7564553990610329,0.758809850516145,0.7600688237439944,0.7591035965254912,1704,1289,27
mlp,hog,3,brightness_medium,0.001,0.7564553990610329,0.758809850516145,0.7600688237439944,0.7591035965254912,1704,1289,27
mlp,hog,3,brightness_severe,0.001,0.7564553990610329,0.758809850516145,0.7600688237439944,0.7591035965254912,1704,1289,27
mlp,hog,4,clean,0.01,0.7821491485613623,0.7878696353237465,0.7849874503863333,0.7860286164727451,1703,1332,18
mlp,hog,4,blur_mild,0.01,0.7011156782149148,0.7200327400774982,0.7076345030202492,0.7028422003903034,1703,1194,18
mlp,hog,4,blur_medium,0.01,0.6095126247798004,0.6354610541715197,0.6164374675448062,0.6088824242457064,1703,1038,18
mlp,hog,4,blur_severe,0.01,0.5343511450381679,0.575400804721945,0.5400188534037516,0.5329516159943908,1703,910,18
mlp,hog,4,brightness_mild,0.01,0.7821491485613623,0.7878696353237465,0.7849874503863333,0.7860286164727451,1703,1332,18
mlp,hog,4,brightness_medium,0.01,0.7821491485613623,0.7878696353237465,0.7849874503863333,0.7860286164727451,1703,1332,18
mlp,hog,4,brightness_severe,0.01,0.7821491485613623,0.7878696353237465,0.7849874503863333,0.7860286164727451,1703,1332,18
mlp,hog,5,clean,0.001,0.7454438565549677,0.7528565873329874,0.7472622451390408,0.7486386624749702,1701,1268,11
mlp,hog,5,blur_mild,0.001,0.6696061140505585,0.6854355346444527,0.6751889200584845,0.6719864366163125,1701,1139,11
mlp,hog,5,blur_medium,0.001,0.5937683715461494,0.6246417499793298,0.6003423247456495,0.5941478580638478,1701,1010,11
mlp,hog,5,blur_severe,0.001,0.5149911816578483,0.549372451974172,0.5199407324326565,0.5137207257413179,1701,876,11
mlp,hog,5,brightness_mild,0.001,0.7454438565549677,0.7528565873329874,0.7472622451390408,0.7486386624749702,1701,1268,11
mlp,hog,5,brightness_medium,0.001,0.7454438565549677,0.7528565873329874,0.7472622451390408,0.7486386624749702,1701,1268,11
mlp,hog,5,brightness_severe,0.001,0.7454438565549677,0.7528565873329874,0.7472622451390408,0.7486386624749702,1701,1268,11
mlp,hog,6,clean,0.01,0.7548500881834215,0.7583822603957033,0.7583266257878436,0.7579116825507611,1701,1284,16
mlp,hog,6,blur_mild,0.01,0.6843033509700176,0.6943523159293458,0.6920891919551163,0.681872414671617,1701,1164,16
mlp,hog,6,blur_medium,0.01,0.6131687242798354,0.6409520403902541,0.6195443611382255,0.6115234153398589,1701,1043,16
mlp,hog,6,blur_severe,0.01,0.5332157554379776,0.5622790224902902,0.5388858576179708,0.531282344861181,1701,907,16
mlp,hog,6,brightness_mild,0.01,0.7548500881834215,0.7583822603957033,0.7583266257878436,0.7579116825507611,1701,1284,16
mlp,hog,6,brightness_medium,0.01,0.7548500881834215,0.7583822603957033,0.7583266257878436,0.7579116825507611,1701,1284,16
mlp,hog,6,brightness_severe,0.01,0.7548500881834215,0.7583822603957033,0.7583266257878436,0.7579116825507611,1701,1284,16
mlp,hog,7,clean,0.0001,0.763668430335097,0.7652685992238544,0.7672254119957574,0.765174650019731,1701,1299,14
mlp,hog,7,blur_mild,0.0001,0.7031158142269254,0.7185685935559031,0.7108422456645375,0.70228025777106,1701,1196,14
mlp,hog,7,blur_medium,0.0001,0.6355085243974132,0.657794150815501,0.642673665911704,0.6350755136024335,1701,1081,14
mlp,hog,7,blur_severe,0.0001,0.5543797766019988,0.5858243511942837,0.5609998238534089,0.5540344486130405,1701,943,14
mlp,hog,7,brightness_mild,0.0001,0.763668430335097,0.7652685992238544,0.7672254119957574,0.765174650019731,1701,1299,14
mlp,hog,7,brightness_medium,0.0001,0.763668430335097,0.7652685992238544,0.7672254119957574,0.765174650019731,1701,1299,14
mlp,hog,7,brightness_severe,0.0001,0.763668430335097,0.7652685992238544,0.7672254119957574,0.765174650019731,1701,1299,14
mlp,hog,8,clean,0.0001,0.7723529411764706,0.7789834723338109,0.7752372603613242,0.7765271663522072,1700,1313,18
mlp,hog,8,blur_mild,0.0001,0.6988235294117647,0.7115209622484029,0.7055183328692336,0.7001318153808264,1700,1188,18
mlp,hog,8,blur_medium,0.0001,0.6129411764705882,0.6386888250811157,0.619356032068822,0.6154090928738535,1700,1042,18
mlp,hog,8,blur_severe,0.0001,0.5194117647058824,0.5580225243263569,0.5244687758281098,0.5220469047051179,1700,883,18
mlp,hog,8,brightness_mild,0.0001,0.7723529411764706,0.7789834723338109,0.7752372603613242,0.7765271663522072,1700,1313,18
mlp,hog,8,brightness_medium,0.0001,0.7723529411764706,0.7789834723338109,0.7752372603613242,0.7765271663522072,1700,1313,18
mlp,hog,8,brightness_severe,0.0001,0.7723529411764706,0.7789834723338109,0.7752372603613242,0.7765271663522072,1700,1313,18
mlp,hog,9,clean,0.001,0.75,0.75656678415789,0.7546137020408267,0.7543486165418426,1700,1275,20
mlp,hog,9,blur_mild,0.001,0.6864705882352942,0.7043259159577319,0.6937498418970632,0.6870708847091982,1700,1167,20
mlp,hog,9,blur_medium,0.001,0.6005882352941176,0.6309859662475015,0.6072855634706218,0.6031005303145169,1700,1021,20
mlp,hog,9,blur_severe,0.001,0.5211764705882352,0.5610406708635624,0.5274066231134675,0.5234323994015568,1700,886,20
mlp,hog,9,brightness_mild,0.001,0.75,0.75656678415789,0.7546137020408267,0.7543486165418426,1700,1275,20
mlp,hog,9,brightness_medium,0.001,0.75,0.75656678415789,0.7546137020408267,0.7543486165418426,1700,1275,20
mlp,hog,9,brightness_severe,0.001,0.75,0.75656678415789,0.7546137020408267,0.7543486165418426,1700,1275,20
mlp,lbp,0,clean,0.001,0.5955451348182884,0.5912915187692942,0.5972810836184524,0.59204168846387,1706,1016,39
mlp,lbp,0,blur_mild,0.001,0.33411488862837047,0.3396315333871088,0.3344841234598476,0.2922968317898303,1706,570,39
mlp,lbp,0,blur_medium,0.001,0.23563892145369286,0.2837431300260838,0.23858777006169474,0.1578232170109144,1706,402,39
mlp,lbp,0,blur_severe,0.001,0.1858147713950762,0.09181409758391673,0.1906900562081574,0.11795831033817261,1706,317,39
mlp,lbp,0,brightness_mild,0.001,0.5949589683470106,0.590392155432044,0.5972192870252481,0.592673412795376,1706,1015,39
mlp,lbp,0,brightness_medium,0.001,0.5943728018757327,0.5913412064025504,0.5976426198920548,0.5924377527151905,1706,1014,39
mlp,lbp,0,brightness_severe,0.001,0.5720984759671747,0.5802995571922045,0.5752449233166422,0.5679800377929984,1706,976,39
mlp,lbp,1,clean,0.0001,0.5937866354044549,0.5937467039134777,0.5962571939095452,0.5938776032318721,1706,1013,19
mlp,lbp,1,blur_mild,0.0001,0.20867526377491208,0.13109808968872239,0.20507604742056706,0.12291478080951763,1706,356,19
mlp,lbp,1,blur_medium,0.0001,0.1951934349355217,0.08960708294820445,0.19570670120112688,0.11095395188546527,1706,333,19
mlp,lbp,1,blur_severe,0.0001,0.16764361078546308,0.09401165325164855,0.1698940511260161,0.08434551259373069,1706,286,19
mlp,lbp,1,brightness_mild,0.0001,0.5984759671746777,0.599010721481516,0.6009605468448671,0.5990282776937255,1706,1021,19
mlp,lbp,1,brightness_medium,0.0001,0.593200468933177,0.591973055201971,0.596320174482219,0.592728195152678,1706,1012,19
mlp,lbp,1,brightness_severe,0.0001,0.5920281359906213,0.5964748595534654,0.5952028266401671,0.5896801362260483,1706,1010,19
mlp,lbp,2,clean,0.001,0.6172332942555686,0.6202692273608404,0.6179756509874602,0.6162138184599069,1706,1053,37
mlp,lbp,2,blur_mild,0.001,0.3493552168815944,0.3240803992158086,0.35075251915024325,0.3029890673835857,1706,596,37
mlp,lbp,2,blur_medium,0.001,0.2268464243845252,0.13081143153086283,0.22473395178086542,0.1480496988920039,1706,387,37
mlp,lbp,2,blur_severe,0.001,0.18757327080890973,0.097412143502789,0.1876636435863908,0.1165755375184911,1706,320,37
mlp,lbp,2,brightness_mild,0.001,0.6225087924970691,0.6221426895919735,0.6234185071091699,0.6210751033164342,1706,1062,37
mlp,lbp,2,brightness_medium,0.001,0.6172332942555686,0.6176090134446045,0.6185013424103831,0.6149107154433887,1706,1053,37
mlp,lbp,2,brightness_severe,0.001,0.5873388042203986,0.596038073094885,0.5893061213182152,0.5818084373807382,1706,1002,37
mlp,lbp,3,clean,0.01,0.6197183098591549,0.6195213407027663,0.6212710885202214,0.6190900789542371,1704,1056,28
mlp,lbp,3,blur_mild,0.01,0.34683098591549294,0.36337223384209355,0.3476165979698936,0.30254889758609865,1704,591,28
mlp,lbp,3,blur_medium,0.01,0.24589201877934272,0.12294518887353788,0.24858089136636105,0.16413628092777452,1704,419,28
mlp,lbp,3,blur_severe,0.01,0.19014084507042253,0.09157422782689795,0.1938460417947304,0.12194611303403306,1704,324,28
mlp,lbp,3,brightness_mild,0.01,0.6068075117370892,0.6052541577343105,0.6087906656280477,0.6063974912634995,1704,1034,28
mlp,lbp,3,brightness_medium,0.01,0.613849765258216,0.6124984311178091,0.6165395549388623,0.6135006243683901,1704,1046,28
mlp,lbp,3,brightness_severe,0.01,0.5821596244131455,0.5876658651019867,0.5857538879415869,0.5806100220277812,1704,992,28
mlp,lbp,4,clean,0.0001,0.6130358191426893,0.614244530775717,0.6142264123777381,0.611974280815443,1703,1044,34
mlp,lbp,4,blur_mild,0.0001,0.31650029359953025,0.3162581410024315,0.3182722730978897,0.2774271346520164,1703,539,34
mlp,lbp,4,blur_medium,0.0001,0.21374045801526717,0.1082805027782356,0.21656829529372298,0.1371553111317032,1703,364,34
mlp,lbp,4,blur_severe,0.0001,0.1802701115678215,0.09380839719726917,0.1842583967646775,0.10444481178106768,1703,307,34
mlp,lbp,4,brightness_mild,0.0001,0.6142102172636523,0.6143647439089469,0.6158837898579271,0.6142174197020656,1703,1046,34
mlp,lbp,4,brightness_medium,0.0001,0.6218438050499119,0.6218922417275623,0.6239367429304187,0.6214024575844544,1703,1059,34
mlp,lbp,4,brightness_severe,0.0001,0.6048150322959484,0.605298153761683,0.6079955084303542,0.5997163383233329,1703,1030,34
mlp,lbp,5,clean,0.01,0.5890652557319224,0.5903347985511215,0.5907742125647637,0.5874790176824085,1701,1002,28
mlp,lbp,5,blur_mild,0.01,0.30746619635508526,0.31001786694041394,0.30448585990845517,0.254121276541366,1701,523,28
mlp,lbp,5,blur_medium,0.01,0.22281011169900058,0.12088018081669812,0.22008155625858836,0.14237767509486451,1701,379,28
mlp,lbp,5,blur_severe,0.01,0.20340975896531452,0.10872291248145205,0.20252765148495588,0.1240700856900544,1701,346,28
mlp,lbp,5,brightness_mild,0.01,0.5908289241622575,0.5934974177988462,0.592754344672573,0.5893306038040936,1701,1005,28
mlp,lbp,5,brightness_medium,0.01,0.586713697824809,0.5919128061690985,0.5890434084335926,0.584893268278781,1701,998,28
mlp,lbp,5,brightness_severe,0.01,0.564373897707231,0.5728704933230162,0.566971545298765,0.5563253913105309,1701,960,28
mlp,lbp,6,clean,0.001,0.6149323927101705,0.6165708235955604,0.617248723298068,0.616813051186517,1701,1046,32
mlp,lbp,6,blur_mild,0.001,0.2945326278659612,0.40597618443953554,0.29451615145316806,0.2592663117427169,1701,501,32
mlp,lbp,6,blur_medium,0.001,0.24162257495590828,0.23698450985942632,0.24266927989126033,0.16014121383478533,1701,411,32
mlp,lbp,6,blur_severe,0.001,0.18753674309229865,0.265105060523425,0.18896520403738556,0.11499376159884307,1701,319,32
mlp,lbp,6,brightness_mild,0.001,0.6072898295120517,0.607016270529864,0.6099007780944965,0.6081914234390832,1701,1033,32
mlp,lbp,6,brightness_medium,0.001,0.612580834803057,0.6129754753834556,0.6160166410013851,0.6126343764095431,1701,1042,32
mlp,lbp,6,brightness_severe,0.001,0.5972957084068196,0.6067380980550743,0.6012042190214814,0.5946792376448661,1701,1016,32
mlp,lbp,7,clean,0.0001,0.6272780717225162,0.630944240736883,0.6283980984535296,0.6284413734854937,1701,1067,28
mlp,lbp,7,blur_mild,0.0001,0.2827748383303939,0.3241287591327768,0.2776694291187081,0.2251860403245867,1701,481,28
mlp,lbp,7,blur_medium,0.0001,0.21987066431510877,0.11252576567843565,0.2186130551945147,0.1415855800650627,1701,374,28
mlp,lbp,7,blur_severe,0.0001,0.17989417989417988,0.09415985762465218,0.18073061033159696,0.11093663922790069,1701,306,28
mlp,lbp,7,brightness_mild,0.0001,0.623750734861846,0.6266095847418601,0.6255134485567556,0.6250560971700846,1701,1061,28
mlp,lbp,7,brightness_medium,0.0001,0.6102292768959435,0.6142944315766318,0.6124745359882557,0.6114077716686769,1701,1038,28
mlp,lbp,7,brightness_severe,0.0001,0.5990593768371546,0.6052281081998946,0.6015239820175277,0.5970259044486858,1701,1019,28
mlp,lbp,8,clean,0.001,0.5894117647058823,0.5918009788097455,0.5903544863589129,0.589035596899772,1700,1002,19
mlp,lbp,8,blur_mild,0.001,0.22470588235294117,0.2782107571389854,0.21889214438824597,0.12351019917133489,1700,382,19
mlp,lbp,8,blur_medium,0.001,0.19294117647058823,0.08011305000469086,0.19066633172186456,0.1032284058831745,1700,328,19
mlp,lbp,8,blur_severe,0.001,0.17882352941176471,0.08904979912174156,0.17893806789652547,0.09082165605113336,1700,304,19
mlp,lbp,8,brightness_mild,0.001,0.5988235294117648,0.6005932697664594,0.5999101211421008,0.5978178073691724,1700,1018,19
mlp,lbp,8,brightness_medium,0.001,0.6,0.6015834905963374,0.6016430907091871,0.5995586614243694,1700,1020,19
mlp,lbp,8,brightness_severe,0.001,0.5882352941176471,0.599724187930085,0.5903892815380742,0.5857163364993299,1700,1000,19
mlp,lbp,9,clean,0.001,0.6041176470588235,0.6029582268285533,0.6066689904743588,0.6034433856304303,1700,1027,22
mlp,lbp,9,blur_mild,0.001,0.25176470588235295,0.2971320265965527,0.2481915777451098,0.1786259776511486,1700,428,22
mlp,lbp,9,blur_medium,0.001,0.22411764705882353,0.10857496662967787,0.22672218207597025,0.14277939710501217,1700,381,22
mlp,lbp,9,blur_severe,0.001,0.18941176470588236,0.10605472731906218,0.19263931308282678,0.11162674605297555,1700,322,22
mlp,lbp,9,brightness_mild,0.001,0.6023529411764705,0.6001460680937043,0.604815085158508,0.6013193112875923,1700,1024,22
mlp,lbp,9,brightness_medium,0.001,0.5958823529411764,0.5940504052434749,0.5987904909706651,0.5946853927521817,1700,1013,22
mlp,lbp,9,brightness_severe,0.001,0.5829411764705882,0.5871091735737687,0.5867013888597877,0.5795398052722942,1700,991,22
mlp,spatial,0,clean,0.01,0.8012895662368112,0.8039290131824437,0.8033168371690914,0.8032244607217272,1706,1367,17
mlp,spatial,0,blur_mild,0.01,0.5310668229777257,0.6498417044673128,0.5285842078305202,0.5296857601829533,1706,906,17
mlp,spatial,0,blur_medium,0.01,0.41617819460726846,0.5290235227566326,0.4148651311237339,0.384777333318556,1706,710,17
mlp,spatial,0,blur_severe,0.01,0.4026963657678781,0.48855354650047134,0.40105245904094783,0.3593114143403187,1706,687,17
mlp,spatial,0,brightness_mild,0.01,0.7766705744431418,0.7805853457657593,0.7800161348670507,0.7783580648338678,1706,1325,17
mlp,spatial,0,brightness_medium,0.01,0.7104337631887456,0.7322844733458197,0.7152765148499473,0.6984539090500963,1706,1212,17
mlp,spatial,0,brightness_severe,0.01,0.6500586166471278,0.6562648714459006,0.655390976758516,0.633155917388165,1706,1109,17
mlp,spatial,1,clean,0.001,0.8171160609613131,0.8215297087270909,0.8184324655055871,0.8191737749298468,1706,1394,27
mlp,spatial,1,blur_mild,0.001,0.5715123094958968,0.68008055716199,0.5713143307318139,0.5606933694279542,1706,975,27
mlp,spatial,1,blur_medium,0.001,0.4501758499413834,0.5423104478085771,0.45015804919241886,0.4316916371473935,1706,768,27
mlp,spatial,1,blur_severe,0.001,0.4331770222743259,0.4836746924888325,0.4334383309083716,0.397665227010536,1706,739,27
mlp,spatial,1,brightness_mild,0.001,0.7866354044548651,0.7905236494638966,0.7893150915437722,0.787954189890037,1706,1342,27
mlp,spatial,1,brightness_medium,0.001,0.7297772567409144,0.7400090733762412,0.7350103771775401,0.7243289715131525,1706,1245,27
mlp,spatial,1,brightness_severe,0.001,0.6735052754982415,0.6777064844387781,0.6782912067713086,0.6588358178645709,1706,1149,27
mlp,spatial,2,clean,0.001,0.8018757327080891,0.8044537877157255,0.8032016069712662,0.8036168993343825,1706,1368,16
mlp,spatial,2,blur_mild,0.001,0.5216881594372802,0.6427451288703053,0.5197420636086504,0.5145574021460907,1706,890,16
mlp,spatial,2,blur_medium,0.001,0.3757327080890973,0.5283891435036853,0.3732125212099784,0.34566278013781854,1706,641,16
mlp,spatial,2,blur_severe,0.001,0.3622508792497069,0.5125366242726921,0.3605532548167553,0.32380941339750385,1706,618,16
mlp,spatial,2,brightness_mild,0.001,0.772567409144197,0.7751337405073983,0.7748760805625033,0.7732977571996261,1706,1318,16
mlp,spatial,2,brightness_medium,0.001,0.705158264947245,0.7247050242245145,0.7098327738934724,0.6993713207546076,1706,1203,16
mlp,spatial,2,brightness_severe,0.001,0.6465416178194607,0.6506649607266486,0.6507924980973022,0.6345195522889907,1706,1103,16
mlp,spatial,3,clean,0.001,0.8057511737089202,0.8090325263942578,0.8078242152975051,0.808130526521739,1704,1373,22
mlp,spatial,3,blur_mild,0.001,0.5669014084507042,0.6357447193173937,0.5663714789161541,0.5691671213527955,1704,966,22
mlp,spatial,3,blur_medium,0.001,0.43720657276995306,0.492996714808736,0.43582468113499323,0.4050636865400374,1704,745,22
mlp,spatial,3,blur_severe,0.001,0.4043427230046948,0.5004190337698349,0.4041271955998973,0.36185631944362795,1704,689,22
mlp,spatial,3,brightness_mild,0.001,0.7928403755868545,0.7983462614982434,0.7957932346678102,0.794665174868883,1704,1351,22
mlp,spatial,3,brightness_medium,0.001,0.7153755868544601,0.7354307392071858,0.719998763283776,0.7086213371396207,1704,1219,22
mlp,spatial,3,brightness_severe,0.001,0.664906103286385,0.6781517427508889,0.6702860682286937,0.6468747004830818,1704,1133,22
mlp,spatial,4,clean,0.01,0.826189078097475,0.8305258898914983,0.8278698315878322,0.828885361376929,1703,1407,14
mlp,spatial,4,blur_mild,0.01,0.5637110980622431,0.6773556789609808,0.5627483251078981,0.5627424686819053,1703,960,14
mlp,spatial,4,blur_medium,0.01,0.3987081620669407,0.5221169886987079,0.39675313926943107,0.37059880955345764,1703,679,14
mlp,spatial,4,blur_severe,0.01,0.3869641808573106,0.4836759379517041,0.38447000823532823,0.34208840098089216,1703,659,14
mlp,spatial,4,brightness_mild,0.01,0.7968291250733999,0.8047103319282071,0.7994128829669629,0.7998065077619652,1703,1357,14
mlp,spatial,4,brightness_medium,0.01,0.7480916030534351,0.7723714403338436,0.7523651043295869,0.7422397559217013,1703,1274,14
mlp,spatial,4,brightness_severe,0.01,0.6782149148561363,0.6920115064873432,0.6828189716964661,0.6655399722230848,1703,1155,14
mlp,spatial,5,clean,0.01,0.8065843621399177,0.8073315746514825,0.8082300825860859,0.8075110092623848,1701,1372,24
mlp,spatial,5,blur_mild,0.01,0.5490887713109935,0.6665920467990474,0.5459448896521002,0.5475841961071114,1701,934,24
mlp,spatial,5,blur_medium,0.01,0.4132863021751911,0.5105990922703515,0.41032397421721295,0.40370545039003347,1701,703,24
mlp,spatial,5,blur_severe,0.01,0.39976484420928865,0.4583393242834312,0.399204980170063,0.37725919729410257,1701,680,24
mlp,spatial,5,brightness_mild,0.01,0.763668430335097,0.7664139842136852,0.7673843052990543,0.7651548268519136,1701,1299,24
mlp,spatial,5,brightness_medium,0.01,0.7107583774250441,0.723864691542443,0.7164863282777162,0.706432349838949,1701,1209,24
mlp,spatial,5,brightness_severe,0.01,0.6566725455614344,0.6645492836895001,0.6621610085592807,0.6552606339721415,1701,1117,24
mlp,spatial,6,clean,0.01,0.7995296884185773,0.8019421300176487,0.8018216200583793,0.8015418533423097,1701,1360,19
mlp,spatial,6,blur_mild,0.01,0.5173427395649618,0.6433499030388614,0.5166803160414967,0.5231099554841769,1701,880,19
mlp,spatial,6,blur_medium,0.01,0.4097589653145209,0.5443580532377258,0.4086528973861532,0.38745648987610587,1701,697,19
mlp,spatial,6,blur_severe,0.01,0.3956496178718401,0.4765306325219518,0.39771042037486676,0.3667705113187123,1701,673,19
mlp,spatial,6,brightness_mild,0.01,0.7783656672545561,0.783076983801377,0.7825368740315856,0.7798308012181531,1701,1324,19
mlp,spatial,6,brightness_medium,0.01,0.7166372721928278,0.7294091680185977,0.7224218476827504,0.7085972109356234,1701,1219,19
mlp,spatial,6,brightness_severe,0.01,0.6743092298647855,0.674628575495071,0.6804742566401201,0.6618778993467287,1701,1147,19
mlp,spatial,7,clean,0.001,0.8283362727807172,0.8302046905601662,0.8300920045788406,0.8300280441617195,1701,1409,20
mlp,spatial,7,blur_mild,0.001,0.5761316872427984,0.6750916642196297,0.5758882760777178,0.5714572193636994,1701,980,20
mlp,spatial,7,blur_medium,0.001,0.42504409171075835,0.5312617583406395,0.4251215043236809,0.4074821347418003,1701,723,20
mlp,spatial,7,blur_severe,0.001,0.38741916519694297,0.4975075579116137,0.3911773276124959,0.3553013082926589,1701,659,20
mlp,spatial,7,brightness_mild,0.001,0.8101116990005879,0.8136702101500909,0.8129507663017111,0.8120341544582071,1701,1378,20
mlp,spatial,7,brightness_medium,0.001,0.7477954144620811,0.7649943255384404,0.7524022487749594,0.7420730913762325,1701,1272,20
mlp,spatial,7,brightness_severe,0.001,0.6825396825396826,0.6793120131997048,0.6870738330065541,0.6688815600802922,1701,1161,20
mlp,spatial,8,clean,0.0001,0.8152941176470588,0.8179906873140586,0.8157262184508859,0.816527894777103,1700,1386,21
mlp,spatial,8,blur_mild,0.0001,0.581764705882353,0.6537686033132813,0.5818122269052797,0.5758091488666891,1700,989,21
mlp,spatial,8,blur_medium,0.0001,0.4376470588235294,0.5413418945328935,0.4380268772834619,0.39878172933091266,1700,744,21
mlp,spatial,8,blur_severe,0.0001,0.4047058823529412,0.4647039768330867,0.4066353293734677,0.35866433095706,1700,688,21
mlp,spatial,8,brightness_mild,0.0001,0.7876470588235294,0.7923923430832748,0.7901320660159574,0.7901228987599597,1700,1339,21
mlp,spatial,8,brightness_medium,0.0001,0.7147058823529412,0.7291476070375819,0.7187952358721906,0.711694330577488,1700,1215,21
mlp,spatial,8,brightness_severe,0.0001,0.6817647058823529,0.6914519366059855,0.6857118363356736,0.6707992163463373,1700,1159,21
mlp,spatial,9,clean,0.001,0.8064705882352942,0.8093264462100623,0.8098232732829875,0.8084893337981112,1700,1371,20
mlp,spatial,9,blur_mild,0.001,0.5770588235294117,0.6574188061593579,0.5800072811971049,0.5677444722488638,1700,981,20
mlp,spatial,9,blur_medium,0.001,0.44529411764705884,0.5248199699415571,0.44867771647093385,0.4222392906244488,1700,757,20
mlp,spatial,9,blur_severe,0.001,0.3911764705882353,0.4828984923949264,0.39548227139545483,0.3659061260951282,1700,665,20
mlp,spatial,9,brightness_mild,0.001,0.7652941176470588,0.7717158554088247,0.76993421486146,0.7676169885414822,1700,1301,20
mlp,spatial,9,brightness_medium,0.001,0.7141176470588235,0.7323319098789726,0.7200985081497149,0.7075739849251034,1700,1214,20
mlp,spatial,9,brightness_severe,0.001,0.6605882352941177,0.6649295170444497,0.6665336626010979,0.6532366889119047,1700,1123,20
