model,feature_representation,outer_fold,inner_fold,alpha,macro_f1,n_train,n_validation,n_iter
mlp,colour,0,0,0.0001,0.5316078559005205,10212,5110,21
mlp,colour,0,1,0.0001,0.5337819534111137,10215,5107,26
mlp,colour,0,2,0.0001,0.5368739766480504,10217,5105,22
mlp,colour,0,0,0.001,0.5273520318240276,10212,5110,21
mlp,colour,0,1,0.001,0.5346980311821841,10215,5107,25
mlp,colour,0,2,0.001,0.5371702082429911,10217,5105,22
mlp,colour,0,0,0.01,0.5270192941007824,10212,5110,21
mlp,colour,0,1,0.01,0.5384760280369412,10215,5107,25
mlp,colour,0,2,0.01,0.5375679739264425,10217,5105,22
mlp,colour,1,0,0.0001,0.5287170580891848,10212,5110,25
mlp,colour,1,1,0.0001,0.5502160364878176,10215,5107,21
mlp,colour,1,2,0.0001,0.5462362116752848,10217,5105,39
mlp,colour,1,0,0.001,0.5276460963016038,10212,5110,25
mlp,colour,1,1,0.001,0.5537049307067107,10215,5107,34
mlp,colour,1,2,0.001,0.5462188662124277,10217,5105,39
mlp,colour,1,0,0.01,0.5296928102527079,10212,5110,25
mlp,colour,1,1,0.01,0.5542274498138662,10215,5107,35
mlp,colour,1,2,0.01,0.5467570074602327,10217,5105,39
mlp,colour,2,0,0.0001,0.5364697122189638,10212,5110,26
mlp,colour,2,1,0.0001,0.5384082979688222,10215,5107,23
mlp,colour,2,2,0.0001,0.5342054060329,10217,5105,21
mlp,colour,2,0,0.001,0.5362282924648419,10212,5110,26
mlp,colour,2,1,0.001,0.5358302581185229,10215,5107,23
mlp,colour,2,2,0.001,0.5416608042893144,10217,5105,36
mlp,colour,2,0,0.01,0.536688957409667,10212,5110,20
mlp,colour,2,1,0.01,0.5377436848471663,10215,5107,23
mlp,colour,2,2,0.01,0.5212562460526511,10217,5105,21
mlp,colour,3,0,0.0001,0.5164814975494346,10214,5110,16
mlp,colour,3,1,0.0001,0.5245569979210056,10217,5107,20
mlp,colour,3,2,0.0001,0.5391530164916636,10217,5107,21
mlp,colour,3,0,0.001,0.5313913243732759,10214,5110,16
mlp,colour,3,1,0.001,0.5247784291736665,10217,5107,20
mlp,colour,3,2,0.001,0.5443891847518911,10217,5107,35
mlp,colour,3,0,0.01,0.5180585134046641,10214,5110,16
mlp,colour,3,1,0.01,0.5240411086254196,10217,5107,20
mlp,colour,3,2,0.01,0.5330819180366076,10217,5107,21
mlp,colour,4,0,0.0001,0.533811246679366,10214,5111,23
mlp,colour,4,1,0.0001,0.530198366406573,10218,5107,25
mlp,colour,4,2,0.0001,0.5424694574768911,10218,5107,26
mlp,colour,4,0,0.001,0.5345172141437494,10214,5111,23
mlp,colour,4,1,0.001,0.5440922017354318,10218,5107,34
mlp,colour,4,2,0.001,0.5424165684298146,10218,5107,28
mlp,colour,4,0,0.01,0.5329134547625394,10214,5111,23
mlp,colour,4,1,0.01,0.5275494088687378,10218,5107,22
mlp,colour,4,2,0.01,0.5312086748499119,10218,5107,18
mlp,colour,5,0,0.0001,0.5458950287260407,10216,5111,18
mlp,colour,5,1,0.0001,0.5343170847384618,10218,5109,28
mlp,colour,5,2,0.0001,0.5159559810439934,10220,5107,22
mlp,colour,5,0,0.001,0.5247960947696614,10216,5111,18
mlp,colour,5,1,0.001,0.5357096791546655,10218,5109,20
mlp,colour,5,2,0.001,0.5159298251593717,10220,5107,19
mlp,colour,5,0,0.01,0.5283974261198653,10216,5111,16
mlp,colour,5,1,0.01,0.5313791816466734,10218,5109,20
mlp,colour,5,2,0.01,0.5259180947918037,10220,5107,35
mlp,colour,6,0,0.0001,0.5403714187719809,10216,5111,27
mlp,colour,6,1,0.0001,0.5482460902578618,10218,5109,30
mlp,colour,6,2,0.0001,0.5347110043974205,10220,5107,37
mlp,colour,6,0,0.001,0.5432083807266039,10216,5111,24
mlp,colour,6,1,0.001,0.538630348229643,10218,5109,27
mlp,colour,6,2,0.001,0.5356498786019582,10220,5107,37
mlp,colour,6,0,0.01,0.5418959486763527,10216,5111,24
mlp,colour,6,1,0.01,0.5430212370819986,10218,5109,27
mlp,colour,6,2,0.01,0.5357767178732551,10220,5107,37
mlp,colour,7,0,0.0001,0.5357266093847481,10216,5111,25
mlp,colour,7,1,0.0001,0.531637112162669,10218,5109,19
mlp,colour,7,2,0.0001,0.5394276188056379,10220,5107,35
mlp,colour,7,0,0.001,0.5296607926031892,10216,5111,23
mlp,colour,7,1,0.001,0.5448045137113495,10218,5109,29
mlp,colour,7,2,0.001,0.5398080036288154,10220,5107,35
mlp,colour,7,0,0.01,0.5347004608384799,10216,5111,25
mlp,colour,7,1,0.01,0.5445978392924739,10218,5109,29
mlp,colour,7,2,0.01,0.5399800277064642,10220,5107,35
mlp,colour,8,0,0.0001,0.5307189153227142,10217,5111,28
mlp,colour,8,1,0.0001,0.5365578254170543,10218,5110,33
mlp,colour,8,2,0.0001,0.5502708604224281,10221,5107,42
mlp,colour,8,0,0.001,0.5301581450814694,10217,5111,28
mlp,colour,8,1,0.001,0.5383203133912643,10218,5110,35
mlp,colour,8,2,0.001,0.539483509297306,10221,5107,23
mlp,colour,8,0,0.01,0.532234333344051,10217,5111,28
mlp,colour,8,1,0.01,0.5365690031062744,10218,5110,35
mlp,colour,8,2,0.01,0.5523079701373987,10221,5107,34
mlp,colour,9,0,0.0001,0.5302259815941834,10217,5111,30
mlp,colour,9,1,0.0001,0.5144165229389898,10218,5110,19
mlp,colour,9,2,0.0001,0.5411546142733583,10221,5107,23
mlp,colour,9,0,0.001,0.5392348064256024,10217,5111,30
mlp,colour,9,1,0.001,0.5147102066786285,10218,5110,19
mlp,colour,9,2,0.001,0.5361744227062538,10221,5107,16
mlp,colour,9,0,0.01,0.5382578471407776,10217,5111,33
mlp,colour,9,1,0.01,0.5295388789779518,10218,5110,23
mlp,colour,9,2,0.01,0.5243619620533945,10221,5107,16
mlp,hog,0,0,0.0001,0.7434175577075112,10212,5110,16
mlp,hog,0,1,0.0001,0.7457212857262844,10215,5107,31
mlp,hog,0,2,0.0001,0.7528013244156422,10217,5105,14
mlp,hog,0,0,0.001,0.7433965203061343,10212,5110,16
mlp,hog,0,1,0.001,0.7446838791615469,10215,5107,31
mlp,hog,0,2,0.001,0.7583329975966874,10217,5105,22
mlp,hog,0,0,0.01,0.7512090100736898,10212,5110,18
mlp,hog,0,1,0.01,0.7478535207390969,10215,5107,22
mlp,hog,0,2,0.01,0.7521076363367092,10217,5105,14
mlp,hog,1,0,0.0001,0.7476657444943383,10212,5110,24
mlp,hog,1,1,0.0001,0.7583798105008169,10215,5107,21
mlp,hog,1,2,0.0001,0.7478953373856663,10217,5105,23
mlp,hog,1,0,0.001,0.7483691764941365,10212,5110,20
mlp,hog,1,1,0.001,0.7568573671329571,10215,5107,20
mlp,hog,1,2,0.001,0.7537604983307592,10217,5105,17
mlp,hog,1,0,0.01,0.7479174786415005,10212,5110,20
mlp,hog,1,1,0.01,0.7579498200808761,10215,5107,20
mlp,hog,1,2,0.01,0.7464991881172023,10217,5105,19
mlp,hog,2,0,0.0001,0.7485210172492351,10212,5110,21
mlp,hog,2,1,0.0001,0.7455448935577692,10215,5107,14
mlp,hog,2,2,0.0001,0.7439443527206285,10217,5105,15
mlp,hog,2,0,0.001,0.7542112825344272,10212,5110,25
mlp,hog,2,1,0.001,0.7462923221796438,10215,5107,14
mlp,hog,2,2,0.001,0.7428251303719605,10217,5105,15
mlp,hog,2,0,0.01,0.7540253094415835,10212,5110,25
mlp,hog,2,1,0.01,0.7502896596080891,10215,5107,14
mlp,hog,2,2,0.01,0.7429535582531125,10217,5105,15
mlp,hog,3,0,0.0001,0.7540354911125867,10214,5110,13
mlp,hog,3,1,0.0001,0.7383723703934139,10217,5107,15
mlp,hog,3,2,0.0001,0.762057795091248,10217,5107,22
mlp,hog,3,0,0.001,0.7538832057655772,10214,5110,14
mlp,hog,3,1,0.001,0.7444654781987391,10217,5107,23
mlp,hog,3,2,0.001,0.7607249086548048,10217,5107,28
mlp,hog,3,0,0.01,0.7535020300678411,10214,5110,14
mlp,hog,3,1,0.01,0.7384135585465263,10217,5107,15
mlp,hog,3,2,0.01,0.7624777897894067,10217,5107,21
mlp,hog,4,0,0.0001,0.7486921070329684,10214,5111,14
mlp,hog,4,1,0.0001,0.7501770261401403,10218,5107,18
mlp,hog,4,2,0.0001,0.735629499123136,10218,5107,11
mlp,hog,4,0,0.001,0.7490611806143214,10214,5111,14
mlp,hog,4,1,0.001,0.748043024925622,10218,5107,18
mlp,hog,4,2,0.001,0.7360135534348672,10218,5107,11
mlp,hog,4,0,0.01,0.7498567656761641,10214,5111,14
mlp,hog,4,1,0.01,0.7511614827659928,10218,5107,18
mlp,hog,4,2,0.01,0.73586781756765,10218,5107,11
mlp,hog,5,0,0.0001,0.7525281581476215,10216,5111,20
mlp,hog,5,1,0.0001,0.7512012235718166,10218,5109,12
mlp,hog,5,2,0.0001,0.7548146939580306,10220,5107,17
mlp,hog,5,0,0.001,0.753686142759162,10216,5111,20
mlp,hog,5,1,0.001,0.7534399791899052,10218,5109,20
mlp,hog,5,2,0.001,0.7558506369099351,10220,5107,21
mlp,hog,5,0,0.01,0.754063853997475,10216,5111,20
mlp,hog,5,1,0.01,0.749965541724246,10218,5109,12
mlp,hog,5,2,0.01,0.7552230799202503,10220,5107,21
mlp,hog,6,0,0.0001,0.7498907992109988,10216,5111,19
mlp,hog,6,1,0.0001,0.7537142498053044,10218,5109,17
mlp,hog,6,2,0.0001,0.7545267306569651,10220,5107,21
mlp,hog,6,0,0.001,0.7497994572957496,10216,5111,19
mlp,hog,6,1,0.001,0.7510541969589425,10218,5109,17
mlp,hog,6,2,0.001,0.7536433737887988,10220,5107,21
mlp,hog,6,0,0.01,0.7505797158172092,10216,5111,19
mlp,hog,6,1,0.01,0.7548018626577478,10218,5109,17
mlp,hog,6,2,0.01,0.7549332174423148,10220,5107,21
mlp,hog,7,0,0.0001,0.7527822372575267,10216,5111,20
mlp,hog,7,1,0.0001,0.7637246725915824,10218,5109,19
mlp,hog,7,2,0.0001,0.7394430060188012,10220,5107,14
mlp,hog,7,0,0.001,0.7525066912548194,10216,5111,14
mlp,hog,7,1,0.001,0.7616912218925598,10218,5109,19
mlp,hog,7,2,0.001,0.7403520604688266,10220,5107,14
mlp,hog,7,0,0.01,0.7522921299922131,10216,5111,20
mlp,hog,7,1,0.01,0.7637392665799654,10218,5109,19
mlp,hog,7,2,0.01,0.737835245029788,10220,5107,14
mlp,hog,8,0,0.0001,0.7504348699071924,10217,5111,19
mlp,hog,8,1,0.0001,0.7444755858945576,10218,5110,17
mlp,hog,8,2,0.0001,0.753028207522059,10221,5107,22
mlp,hog,8,0,0.001,0.7513506022852662,10217,5111,18
mlp,hog,8,1,0.001,0.742597998353884,10218,5110,17
mlp,hog,8,2,0.001,0.7535559694096836,10221,5107,22
mlp,hog,8,0,0.01,0.7454154560185716,10217,5111,17
mlp,hog,8,1,0.01,0.7420274070825833,10218,5110,17
mlp,hog,8,2,0.01,0.7514913209744277,10221,5107,22
mlp,hog,9,0,0.0001,0.7527745277404624,10217,5111,17
mlp,hog,9,1,0.0001,0.7568331677584498,10218,5110,17
mlp,hog,9,2,0.0001,0.7510494096479277,10221,5107,22
mlp,hog,9,0,0.001,0.7530171729549201,10217,5111,20
mlp,hog,9,1,0.001,0.7582089949436063,10218,5110,17
mlp,hog,9,2,0.001,0.7504170810394508,10221,5107,24
mlp,hog,9,0,0.01,0.7540495040850126,10217,5111,17
mlp,hog,9,1,0.01,0.7548800206498152,10218,5110,16
mlp,hog,9,2,0.01,0.7501153735778973,10221,5107,19
mlp,lbp,0,0,0.0001,0.5967499629997561,10212,5110,30
mlp,lbp,0,1,0.0001,0.6101891913550616,10215,5107,52
mlp,lbp,0,2,0.0001,0.601041075921127,10217,5105,23
mlp,lbp,0,0,0.001,0.5965187803419022,10212,5110,30
mlp,lbp,0,1,0.001,0.6103010691234484,10215,5107,52
mlp,lbp,0,2,0.001,0.6014122440949513,10217,5105,23
mlp,lbp,0,0,0.01,0.6015990884051297,10212,5110,32
mlp,lbp,0,1,0.01,0.5995749330898726,10215,5107,27
mlp,lbp,0,2,0.01,0.6012699799081919,10217,5105,23
mlp,lbp,1,0,0.0001,0.5735905305289594,10212,5110,16
mlp,lbp,1,1,0.0001,0.6174077962286221,10215,5107,36
mlp,lbp,1,2,0.0001,0.5879894321497309,10217,5105,29
mlp,lbp,1,0,0.001,0.57417309143552,10212,5110,16
mlp,lbp,1,1,0.001,0.6164770680236148,10215,5107,41
mlp,lbp,1,2,0.001,0.5867386467886856,10217,5105,38
mlp,lbp,1,0,0.01,0.5745039207981225,10212,5110,16
mlp,lbp,1,1,0.01,0.6128274744505894,10215,5107,34
mlp,lbp,1,2,0.01,0.5866317588858662,10217,5105,25
mlp,lbp,2,0,0.0001,0.6017817938121048,10212,5110,33
mlp,lbp,2,1,0.0001,0.6031661937473168,10215,5107,34
mlp,lbp,2,2,0.0001,0.5856621372613459,10217,5105,22
mlp,lbp,2,0,0.001,0.6023768524154784,10212,5110,33
mlp,lbp,2,1,0.001,0.6033603570639872,10215,5107,34
mlp,lbp,2,2,0.001,0.5859043980350738,10217,5105,22
mlp,lbp,2,0,0.01,0.6027630925806586,10212,5110,31
mlp,lbp,2,1,0.01,0.6027567062802595,10215,5107,34
mlp,lbp,2,2,0.01,0.5851119243971619,10217,5105,22
mlp,lbp,3,0,0.0001,0.5867564604521947,10214,5110,16
mlp,lbp,3,1,0.0001,0.5994647816440547,10217,5107,32
mlp,lbp,3,2,0.0001,0.6030866426635917,10217,5107,33
mlp,lbp,3,0,0.001,0.5835511675301565,10214,5110,16
mlp,lbp,3,1,0.001,0.5993098897794155,10217,5107,32
mlp,lbp,3,2,0.001,0.60724908273039,10217,5107,33
mlp,lbp,3,0,0.01,0.6030591311845829,10214,5110,32
mlp,lbp,3,1,0.01,0.5996413007976836,10217,5107,32
mlp,lbp,3,2,0.01,0.6110455242557519,10217,5107,43
mlp,lbp,4,0,0.0001,0.6010616115642448,10214,5111,20
mlp,lbp,4,1,0.0001,0.5897056154867589,10218,5107,25
mlp,lbp,4,2,0.0001,0.6088012521509597,10218,5107,33
mlp,lbp,4,0,0.001,0.593794343154625,10214,5111,22
mlp,lbp,4,1,0.001,0.5892731805321557,10218,5107,25
mlp,lbp,4,2,0.001,0.6088409786434184,10218,5107,33
mlp,lbp,4,0,0.01,0.6018334546698754,10214,5111,20
mlp,lbp,4,1,0.01,0.5798689684876212,10218,5107,21
mlp,lbp,4,2,0.01,0.6090358170040169,10218,5107,33
mlp,lbp,5,0,0.0001,0.6042468196150962,10216,5111,27
mlp,lbp,5,1,0.0001,0.5965434086587263,10218,5109,29
mlp,lbp,5,2,0.0001,0.600449838895276,10220,5107,29
mlp,lbp,5,0,0.001,0.6059461680698481,10216,5111,32
mlp,lbp,5,1,0.001,0.5963450166373124,10218,5109,28
mlp,lbp,5,2,0.001,0.6010215576755308,10220,5107,29
mlp,lbp,5,0,0.01,0.6014328047077067,10216,5111,27
mlp,lbp,5,1,0.01,0.6013037196384734,10218,5109,32
mlp,lbp,5,2,0.01,0.6018198182369444,10220,5107,29
mlp,lbp,6,0,0.0001,0.5964597731482607,10216,5111,27
mlp,lbp,6,1,0.0001,0.6021549072508963,10218,5109,28
mlp,lbp,6,2,0.0001,0.5931808980102221,10220,5107,34
mlp,lbp,6,0,0.001,0.5964030966842676,10216,5111,27
mlp,lbp,6,1,0.001,0.601061917812005,10218,5109,28
mlp,lbp,6,2,0.001,0.5956255518062066,10220,5107,34
mlp,lbp,6,0,0.01,0.5956315711151815,10216,5111,27
mlp,lbp,6,1,0.01,0.6018644225513395,10218,5109,28
mlp,lbp,6,2,0.01,0.5935800336518361,10220,5107,34
mlp,lbp,7,0,0.0001,0.6079909666496605,10216,5111,31
mlp,lbp,7,1,0.0001,0.5984512153910337,10218,5109,43
mlp,lbp,7,2,0.0001,0.587697103946759,10220,5107,26
mlp,lbp,7,0,0.001,0.6088607294611311,10216,5111,31
mlp,lbp,7,1,0.001,0.5975927059895444,10218,5109,43
mlp,lbp,7,2,0.001,0.587255775029868,10220,5107,26
mlp,lbp,7,0,0.01,0.6084282469564454,10216,5111,31
mlp,lbp,7,1,0.01,0.598072745420248,10218,5109,43
mlp,lbp,7,2,0.01,0.5871949582313666,10220,5107,26
mlp,lbp,8,0,0.0001,0.593250417426628,10217,5111,28
mlp,lbp,8,1,0.0001,0.6013143043031872,10218,5110,30
mlp,lbp,8,2,0.0001,0.6001343041367033,10221,5107,28
mlp,lbp,8,0,0.001,0.593433769983702,10217,5111,28
mlp,lbp,8,1,0.001,0.6089105762605348,10218,5110,29
mlp,lbp,8,2,0.001,0.5999816812570804,10221,5107,28
mlp,lbp,8,0,0.01,0.5932010820963715,10217,5111,28
mlp,lbp,8,1,0.01,0.6004468452542084,10218,5110,30
mlp,lbp,8,2,0.01,0.5991889184177073,10221,5107,28
mlp,lbp,9,0,0.0001,0.5981573973223467,10217,5111,33
mlp,lbp,9,1,0.0001,0.6058008040579564,10218,5110,36
mlp,lbp,9,2,0.0001,0.6122033916235825,10221,5107,36
mlp,lbp,9,0,0.001,0.5982101728978043,10217,5111,33
mlp,lbp,9,1,0.001,0.6061764378680455,10218,5110,36
mlp,lbp,9,2,0.001,0.6118845823639413,10221,5107,36
mlp,lbp,9,0,0.01,0.5983428099733111,10217,5111,33
mlp,lbp,9,1,0.01,0.6059661932894705,10218,5110,32
mlp,lbp,9,2,0.01,0.6118776525044671,10221,5107,36
mlp,spatial,0,0,0.0001,0.8022144708626481,10212,5110,18
mlp,spatial,0,1,0.0001,0.7977747291761125,10215,5107,20
mlp,spatial,0,2,0.0001,0.8106348715800596,10217,5105,26
mlp,spatial,0,0,0.001,0.8016085867012764,10212,5110,18
mlp,spatial,0,1,0.001,0.7983618534059836,10215,5107,20
mlp,spatial,0,2,0.001,0.8121981703673252,10217,5105,26
mlp,spatial,0,0,0.01,0.8019706228679943,10212,5110,18
mlp,spatial,0,1,0.01,0.7992874656428862,10215,5107,20
mlp,spatial,0,2,0.01,0.811078550146302,10217,5105,19
mlp,spatial,1,0,0.0001,0.7995362971735792,10212,5110,21
mlp,spatial,1,1,0.0001,0.8050522474581013,10215,5107,13
mlp,spatial,1,2,0.0001,0.7900768363531938,10217,5105,16
mlp,spatial,1,0,0.001,0.7993377970342007,10212,5110,21
mlp,spatial,1,1,0.001,0.8052628414042458,10215,5107,13
mlp,spatial,1,2,0.001,0.7949048467834645,10217,5105,16
mlp,spatial,1,0,0.01,0.7997452934036513,10212,5110,21
mlp,spatial,1,1,0.01,0.8046473778689,10215,5107,13
mlp,spatial,1,2,0.01,0.7900864746352808,10217,5105,16
mlp,spatial,2,0,0.0001,0.8022738144142965,10212,5110,24
mlp,spatial,2,1,0.0001,0.8047337261133135,10215,5107,18
mlp,spatial,2,2,0.0001,0.7938207242327705,10217,5105,21
mlp,spatial,2,0,0.001,0.8036221711703914,10212,5110,24
mlp,spatial,2,1,0.001,0.8050867959729943,10215,5107,18
mlp,spatial,2,2,0.001,0.7921336192881103,10217,5105,18
mlp,spatial,2,0,0.01,0.8016228145758572,10212,5110,24
mlp,spatial,2,1,0.01,0.8011570123242264,10215,5107,17
mlp,spatial,2,2,0.01,0.7949531644463268,10217,5105,18
mlp,spatial,3,0,0.0001,0.8001148076456412,10214,5110,15
mlp,spatial,3,1,0.0001,0.8006720276868146,10217,5107,24
mlp,spatial,3,2,0.0001,0.7949839704687481,10217,5107,13
mlp,spatial,3,0,0.001,0.7991289424744208,10214,5110,15
mlp,spatial,3,1,0.001,0.8026819111256803,10217,5107,28
mlp,spatial,3,2,0.001,0.7948975387785883,10217,5107,20
mlp,spatial,3,0,0.01,0.7999318887201702,10214,5110,15
mlp,spatial,3,1,0.01,0.8014195078066697,10217,5107,25
mlp,spatial,3,2,0.01,0.7946551027334038,10217,5107,15
mlp,spatial,4,0,0.0001,0.8000772343362303,10214,5111,22
mlp,spatial,4,1,0.0001,0.7985198784820836,10218,5107,20
mlp,spatial,4,2,0.0001,0.799928454605733,10218,5107,17
mlp,spatial,4,0,0.001,0.7989212392448577,10214,5111,22
mlp,spatial,4,1,0.001,0.7991590473052926,10218,5107,20
mlp,spatial,4,2,0.001,0.7993412636048095,10218,5107,17
mlp,spatial,4,0,0.01,0.8031030969570847,10214,5111,24
mlp,spatial,4,1,0.01,0.802311866085495,10218,5107,21
mlp,spatial,4,2,0.01,0.8014491412501247,10218,5107,17
mlp,spatial,5,0,0.0001,0.8063724910521809,10216,5111,18
mlp,spatial,5,1,0.0001,0.797440933508989,10218,5109,18
mlp,spatial,5,2,0.0001,0.7978228043396495,10220,5107,21
mlp,spatial,5,0,0.001,0.8073986223042655,10216,5111,20
mlp,spatial,5,1,0.001,0.7939457573779912,10218,5109,14
mlp,spatial,5,2,0.001,0.8002821149877138,10220,5107,28
mlp,spatial,5,0,0.01,0.806389194666628,10216,5111,18
mlp,spatial,5,1,0.01,0.7972622030839949,10218,5109,14
mlp,spatial,5,2,0.01,0.8006886615748048,10220,5107,17
mlp,spatial,6,0,0.0001,0.801127731647603,10216,5111,20
mlp,spatial,6,1,0.0001,0.8049475986679505,10218,5109,19
mlp,spatial,6,2,0.0001,0.8007798164300701,10220,5107,26
mlp,spatial,6,0,0.001,0.8003946905992435,10216,5111,20
mlp,spatial,6,1,0.001,0.8054734407987131,10218,5109,19
mlp,spatial,6,2,0.001,0.8000148453973769,10220,5107,23
mlp,spatial,6,0,0.01,0.8026671275533542,10216,5111,20
mlp,spatial,6,1,0.01,0.8057124907984811,10218,5109,18
mlp,spatial,6,2,0.01,0.8021613072197743,10220,5107,23
mlp,spatial,7,0,0.0001,0.8021489480068555,10216,5111,24
mlp,spatial,7,1,0.0001,0.7975793420262773,10218,5109,19
mlp,spatial,7,2,0.0001,0.7967595618634103,10220,5107,16
mlp,spatial,7,0,0.001,0.8027275041787186,10216,5111,22
mlp,spatial,7,1,0.001,0.7981770216639293,10218,5109,23
mlp,spatial,7,2,0.001,0.7971163103652738,10220,5107,16
mlp,spatial,7,0,0.01,0.8019338370662686,10216,5111,26
mlp,spatial,7,1,0.01,0.7977181499747522,10218,5109,19
mlp,spatial,7,2,0.01,0.7965341629076564,10220,5107,16
mlp,spatial,8,0,0.0001,0.8014297205981915,10217,5111,20
mlp,spatial,8,1,0.0001,0.7970601936740621,10218,5110,26
mlp,spatial,8,2,0.0001,0.8069873966883413,10221,5107,19
mlp,spatial,8,0,0.001,0.802555730737675,10217,5111,20
mlp,spatial,8,1,0.001,0.797431466729213,10218,5110,26
mlp,spatial,8,2,0.001,0.8048210520943134,10221,5107,19
mlp,spatial,8,0,0.01,0.8007845482550083,10217,5111,20
mlp,spatial,8,1,0.01,0.7979799153013531,10218,5110,26
mlp,spatial,8,2,0.01,0.804007877037046,10221,5107,18
mlp,spatial,9,0,0.0001,0.8039968490136378,10217,5111,18
mlp,spatial,9,1,0.0001,0.7984041122425748,10218,5110,22
mlp,spatial,9,2,0.0001,0.8148347413423157,10221,5107,23
mlp,spatial,9,0,0.001,0.8056185955598535,10217,5111,28
mlp,spatial,9,1,0.001,0.8015928398985972,10218,5110,24
mlp,spatial,9,2,0.001,0.8140938155190921,10221,5107,23
mlp,spatial,9,0,0.01,0.8047804065221321,10217,5111,15
mlp,spatial,9,1,0.01,0.7990914038501598,10218,5110,17
mlp,spatial,9,2,0.01,0.8143032305518481,10221,5107,25
