feature_representation,outer_fold,C,inner_fold,inner_macro_f1,inner_n_iter
colour,0,0.001,0,0.4352839413699337,12
colour,0,0.01,0,0.46371113943205583,17
colour,0,0.1,0,0.4703638376405646,28
colour,0,0.001,1,0.4377738568298552,12
colour,0,0.01,1,0.4742804125335389,16
colour,0,0.1,1,0.4792976477553035,28
colour,0,0.001,2,0.43388905222973007,12
colour,0,0.01,2,0.4682120238311002,15
colour,0,0.1,2,0.4796491964034188,29
colour,1,0.001,0,0.43470355017960755,12
colour,1,0.01,0,0.4689052769090212,15
colour,1,0.1,0,0.4751987495810901,28
colour,1,0.001,1,0.44063733069157623,11
colour,1,0.01,1,0.4727249181765408,17
colour,1,0.1,1,0.4792198392950581,28
colour,1,0.001,2,0.4279806465250559,12
colour,1,0.01,2,0.45538042011392293,15
colour,1,0.1,2,0.4634342229207717,31
colour,2,0.001,0,0.4319118340920168,12
colour,2,0.01,0,0.4607736412314914,16
colour,2,0.1,0,0.4717696360195979,30
colour,2,0.001,1,0.43736684716620017,12
colour,2,0.01,1,0.4681799608212425,17
colour,2,0.1,1,0.47443705560174454,34
colour,2,0.001,2,0.4331684619173332,10
colour,2,0.01,2,0.45876691872992326,16
colour,2,0.1,2,0.4714540908651898,32
colour,3,0.001,0,0.4368216179416811,12
colour,3,0.01,0,0.47022757213330085,17
colour,3,0.1,0,0.47596299940152315,27
colour,3,0.001,1,0.4357532185933121,12
colour,3,0.01,1,0.4723471995847852,17
colour,3,0.1,1,0.4787534529697574,27
colour,3,0.001,2,0.4302842561957431,12
colour,3,0.01,2,0.46150521608093786,16
colour,3,0.1,2,0.468974256031991,30
colour,4,0.001,0,0.43121414230258853,11
colour,4,0.01,0,0.47128895573666085,15
colour,4,0.1,0,0.4785149688175978,27
colour,4,0.001,1,0.43377550439761564,12
colour,4,0.01,1,0.46250533581250197,16
colour,4,0.1,1,0.47119506468204503,28
colour,4,0.001,2,0.43766146413383217,11
colour,4,0.01,2,0.4639672991414743,16
colour,4,0.1,2,0.46934548506677326,30
colour,5,0.001,0,0.44191445619803466,12
colour,5,0.01,0,0.4783782829280892,17
colour,5,0.1,0,0.4844283150617276,29
colour,5,0.001,1,0.4349317129773198,12
colour,5,0.01,1,0.4686192030318106,16
colour,5,0.1,1,0.48222195670399765,29
colour,5,0.001,2,0.42793462904878327,13
colour,5,0.01,2,0.45902369794164616,16
colour,5,0.1,2,0.4643108053005838,32
colour,6,0.001,0,0.4360788394584197,11
colour,6,0.01,0,0.46446142962906284,16
colour,6,0.1,0,0.4717113686032575,31
colour,6,0.001,1,0.4297601822909652,12
colour,6,0.01,1,0.46893853269835756,15
colour,6,0.1,1,0.4782100783783086,26
colour,6,0.001,2,0.43338078848879036,12
colour,6,0.01,2,0.4625324867219745,16
colour,6,0.1,2,0.46883501188826626,30
colour,7,0.001,0,0.44199175860212775,11
colour,7,0.01,0,0.46812159008816323,16
colour,7,0.1,0,0.47509750382664034,29
colour,7,0.001,1,0.4364680346996734,12
colour,7,0.01,1,0.4707588936977276,15
colour,7,0.1,1,0.4811271802065211,28
colour,7,0.001,2,0.4255172197711534,11
colour,7,0.01,2,0.4635340850702629,16
colour,7,0.1,2,0.4714085165783127,32
colour,8,0.001,0,0.4318768659083858,12
colour,8,0.01,0,0.4653322345709648,16
colour,8,0.1,0,0.47475012243663617,30
colour,8,0.001,1,0.42467601721383663,11
colour,8,0.01,1,0.4631290835411399,18
colour,8,0.1,1,0.4687792844251432,29
colour,8,0.001,2,0.4504701948731699,11
colour,8,0.01,2,0.4763005251440607,15
colour,8,0.1,2,0.48545939011125244,28
colour,9,0.001,0,0.43171299656801043,12
colour,9,0.01,0,0.46061519093278475,17
colour,9,0.1,0,0.4647438652549041,29
colour,9,0.001,1,0.42639369146556083,12
colour,9,0.01,1,0.4615028077801751,16
colour,9,0.1,1,0.47291063843564557,30
colour,9,0.001,2,0.4445822186042938,11
colour,9,0.01,2,0.47600588970337654,16
colour,9,0.1,2,0.48286874170909516,27
hog,0,0.001,0,0.7174310187718546,26
hog,0,0.01,0,0.7184051058923528,55
hog,0,0.1,0,0.7145585117062176,139
hog,0,0.001,1,0.7219580472175345,26
hog,0,0.01,1,0.724940302696441,49
hog,0,0.1,1,0.7137417472701161,144
hog,0,0.001,2,0.7227903364591559,24
hog,0,0.01,2,0.7305306878945524,56
hog,0,0.1,2,0.7195742704092218,125
hog,1,0.001,0,0.7118105307640717,27
hog,1,0.01,0,0.7213497469190734,55
hog,1,0.1,0,0.7066364086647966,131
hog,1,0.001,1,0.7226766975514988,23
hog,1,0.01,1,0.7265686474620107,54
hog,1,0.1,1,0.7193286095396697,119
hog,1,0.001,2,0.7143044865358474,27
hog,1,0.01,2,0.7164418116998709,56
hog,1,0.1,2,0.708912133313946,153
hog,2,0.001,0,0.7251655517373955,26
hog,2,0.01,0,0.7201928245490611,53
hog,2,0.1,0,0.7078127466008998,131
hog,2,0.001,1,0.7201104877300102,23
hog,2,0.01,1,0.723102957774882,54
hog,2,0.1,1,0.7158468426864726,121
hog,2,0.001,2,0.7105287949576411,29
hog,2,0.01,2,0.7191635748041905,62
hog,2,0.1,2,0.7107301677574082,137
hog,3,0.001,0,0.7255142458276399,27
hog,3,0.01,0,0.7341111039722268,59
hog,3,0.1,0,0.7230401062409632,134
hog,3,0.001,1,0.7100158934266352,24
hog,3,0.01,1,0.7159153420299754,53
hog,3,0.1,1,0.7056387903249886,117
hog,3,0.001,2,0.7237318981759288,25
hog,3,0.01,2,0.7327754904734118,56
hog,3,0.1,2,0.721262870992536,129
hog,4,0.001,0,0.7222700592166693,26
hog,4,0.01,0,0.7195011939746578,57
hog,4,0.1,0,0.7028612676005098,132
hog,4,0.001,1,0.7159359549236228,23
hog,4,0.01,1,0.7208892075030787,52
hog,4,0.1,1,0.7118504677791094,126
hog,4,0.001,2,0.7144073657118946,27
hog,4,0.01,2,0.7179031132574605,55
hog,4,0.1,2,0.7125018468048667,135
hog,5,0.001,0,0.7175912431125367,27
hog,5,0.01,0,0.7211965737959032,57
hog,5,0.1,0,0.7144072399293209,139
hog,5,0.001,1,0.7145506790487514,22
hog,5,0.01,1,0.7184588576968952,48
hog,5,0.1,1,0.7066642787259848,116
hog,5,0.001,2,0.7292984401068873,26
hog,5,0.01,2,0.7298018173394146,58
hog,5,0.1,2,0.7133445709594599,135
hog,6,0.001,0,0.7082004318583337,22
hog,6,0.01,0,0.7194078139256442,46
hog,6,0.1,0,0.7027642246133455,111
hog,6,0.001,1,0.7246019202797914,23
hog,6,0.01,1,0.7340164559530772,55
hog,6,0.1,1,0.7201294987294672,112
hog,6,0.001,2,0.7210636890270522,24
hog,6,0.01,2,0.7291080160543527,55
hog,6,0.1,2,0.708111691747834,122
hog,7,0.001,0,0.7154331373059457,24
hog,7,0.01,0,0.7229709152717904,53
hog,7,0.1,0,0.7122429125975048,139
hog,7,0.001,1,0.718029748244201,25
hog,7,0.01,1,0.7230076112817937,53
hog,7,0.1,1,0.7136360929138524,120
hog,7,0.001,2,0.7115071977489938,26
hog,7,0.01,2,0.7117971774774539,55
hog,7,0.1,2,0.70188807838838,154
hog,8,0.001,0,0.7200545329452605,27
hog,8,0.01,0,0.721343071184141,55
hog,8,0.1,0,0.7094162980221839,148
hog,8,0.001,1,0.7116664937910726,26
hog,8,0.01,1,0.7202807703933609,57
hog,8,0.1,1,0.7088377589228871,138
hog,8,0.001,2,0.717745585415846,24
hog,8,0.01,2,0.7239222224097063,54
hog,8,0.1,2,0.7134070195244665,120
hog,9,0.001,0,0.7254697229880542,26
hog,9,0.01,0,0.7311241767296736,53
hog,9,0.1,0,0.7197886146574214,133
hog,9,0.001,1,0.7129186752587113,24
hog,9,0.01,1,0.7243111891666754,49
hog,9,0.1,1,0.7162171000190862,123
hog,9,0.001,2,0.7205599493609355,24
hog,9,0.01,2,0.7245869844392532,57
hog,9,0.1,2,0.7149241205024164,136
lbp,0,0.001,0,0.5150569144084849,11
lbp,0,0.01,0,0.5638757976892593,12
lbp,0,0.1,0,0.5693077139231044,34
lbp,0,0.001,1,0.5202269036313939,12
lbp,0,0.01,1,0.5617349498440511,11
lbp,0,0.1,1,0.5756391400118628,35
lbp,0,0.001,2,0.520083478158159,10
lbp,0,0.01,2,0.5808119828499962,12
lbp,0,0.1,2,0.5952674871502391,34
lbp,1,0.001,0,0.5212199879407734,11
lbp,1,0.01,0,0.5755315828919919,12
lbp,1,0.1,0,0.5849457039706675,36
lbp,1,0.001,1,0.5239806422796293,10
lbp,1,0.01,1,0.5710979508041337,12
lbp,1,0.1,1,0.5889164720654855,35
lbp,1,0.001,2,0.5076012044252408,10
lbp,1,0.01,2,0.5539279018599376,12
lbp,1,0.1,2,0.5638038958391983,37
lbp,2,0.001,0,0.5228006663910181,11
lbp,2,0.01,0,0.5705154710583442,13
lbp,2,0.1,0,0.5757996620874196,36
lbp,2,0.001,1,0.5252857120266948,11
lbp,2,0.01,1,0.5711747305253467,12
lbp,2,0.1,1,0.5832057176186213,36
lbp,2,0.001,2,0.5110921429831616,10
lbp,2,0.01,2,0.5587442012134286,12
lbp,2,0.1,2,0.5709056988206571,36
lbp,3,0.001,0,0.527598549287119,11
lbp,3,0.01,0,0.5699226257377953,13
lbp,3,0.1,0,0.5737891495267889,36
lbp,3,0.001,1,0.5052187746536178,12
lbp,3,0.01,1,0.5559077239086277,14
lbp,3,0.1,1,0.5714925743905501,35
lbp,3,0.001,2,0.5259578649111487,10
lbp,3,0.01,2,0.5729863610566208,12
lbp,3,0.1,2,0.5846563281141045,36
lbp,4,0.001,0,0.5175762029048444,11
lbp,4,0.01,0,0.5664693528716326,12
lbp,4,0.1,0,0.578190208932563,35
lbp,4,0.001,1,0.5150460578280267,11
lbp,4,0.01,1,0.566362624245032,13
lbp,4,0.1,1,0.5771790762999877,36
lbp,4,0.001,2,0.5235530804306124,11
lbp,4,0.01,2,0.572706283264649,13
lbp,4,0.1,2,0.5786188666268662,36
lbp,5,0.001,0,0.5128298039305432,11
lbp,5,0.01,0,0.5695322693611112,12
lbp,5,0.1,0,0.5844789876224576,36
lbp,5,0.001,1,0.5168549494722593,11
lbp,5,0.01,1,0.559614629618376,12
lbp,5,0.1,1,0.5668276494862958,34
lbp,5,0.001,2,0.5309366221230004,11
lbp,5,0.01,2,0.5807156817088828,12
lbp,5,0.1,2,0.5874026083750327,37
lbp,6,0.001,0,0.5141828559847895,11
lbp,6,0.01,0,0.565168984594386,13
lbp,6,0.1,0,0.5768179370298336,34
lbp,6,0.001,1,0.5236347810305427,11
lbp,6,0.01,1,0.574418827832588,12
lbp,6,0.1,1,0.5783148359689406,36
lbp,6,0.001,2,0.5205156641790647,11
lbp,6,0.01,2,0.5642830060982088,13
lbp,6,0.1,2,0.5753004278639929,36
lbp,7,0.001,0,0.5358663335778385,10
lbp,7,0.01,0,0.5777756126063656,13
lbp,7,0.1,0,0.5862358449326744,36
lbp,7,0.001,1,0.5102963365109401,11
lbp,7,0.01,1,0.5608350445812748,12
lbp,7,0.1,1,0.5754682445667556,35
lbp,7,0.001,2,0.5094551104855681,11
lbp,7,0.01,2,0.5551117208227124,12
lbp,7,0.1,2,0.5654470113091811,36
lbp,8,0.001,0,0.5149053994817027,10
lbp,8,0.01,0,0.56262506211649,12
lbp,8,0.1,0,0.5716617641965113,36
lbp,8,0.001,1,0.5168730270283906,11
lbp,8,0.01,1,0.5692877833384897,12
lbp,8,0.1,1,0.5842793671477875,36
lbp,8,0.001,2,0.5234640097710529,11
lbp,8,0.01,2,0.5753627405718832,11
lbp,8,0.1,2,0.5845289540196325,36
lbp,9,0.001,0,0.518324034612941,12
lbp,9,0.01,0,0.5623538152413289,12
lbp,9,0.1,0,0.5712207545170241,35
lbp,9,0.001,1,0.517915140250448,11
lbp,9,0.01,1,0.5689377763153449,12
lbp,9,0.1,1,0.58251213514914,35
lbp,9,0.001,2,0.5307970743791949,11
lbp,9,0.01,2,0.5794859133470884,12
lbp,9,0.1,2,0.585200258258565,37
spatial,0,0.001,0,0.7687098259287447,31
spatial,0,0.01,0,0.7812197495259929,52
spatial,0,0.1,0,0.7769324637380187,131
spatial,0,0.001,1,0.7713727249193997,27
spatial,0,0.01,1,0.782783158783507,45
spatial,0,0.1,1,0.7752845744330884,133
spatial,0,0.001,2,0.7793401150112782,34
spatial,0,0.01,2,0.7893404954497215,59
spatial,0,0.1,2,0.7790365459188012,128
spatial,1,0.001,0,0.7659724155693847,30
spatial,1,0.01,0,0.7836541811119063,61
spatial,1,0.1,0,0.7765975312469519,135
spatial,1,0.001,1,0.7843287275319316,33
spatial,1,0.01,1,0.7903951475810725,52
spatial,1,0.1,1,0.7829024686948017,141
spatial,1,0.001,2,0.7653487047870194,32
spatial,1,0.01,2,0.7770282480048482,46
spatial,1,0.1,2,0.7700420306042188,122
spatial,2,0.001,0,0.7746753639845952,33
spatial,2,0.01,0,0.7880755717956704,49
spatial,2,0.1,0,0.7751189858629979,128
spatial,2,0.001,1,0.7698273010266763,34
spatial,2,0.01,1,0.7872637488502101,53
spatial,2,0.1,1,0.7763401408225038,138
spatial,2,0.001,2,0.7666920960046503,33
spatial,2,0.01,2,0.7772469053895678,58
spatial,2,0.1,2,0.7656777944086998,134
spatial,3,0.001,0,0.7782306693817852,34
spatial,3,0.01,0,0.789451749211358,53
spatial,3,0.1,0,0.7792281097922426,132
spatial,3,0.001,1,0.7665331691939681,33
spatial,3,0.01,1,0.7805320502943816,55
spatial,3,0.1,1,0.7702797677931964,117
spatial,3,0.001,2,0.7755972353772562,31
spatial,3,0.01,2,0.7812317769272411,51
spatial,3,0.1,2,0.7691287387295045,127
spatial,4,0.001,0,0.7753788863701799,29
spatial,4,0.01,0,0.7898877613571774,48
spatial,4,0.1,0,0.7796312947717561,118
spatial,4,0.001,1,0.7746341312767561,32
spatial,4,0.01,1,0.7835020349785365,51
spatial,4,0.1,1,0.7737874308375502,130
spatial,4,0.001,2,0.7688387495699622,31
spatial,4,0.01,2,0.7817106364055183,54
spatial,4,0.1,2,0.7700161518481683,126
spatial,5,0.001,0,0.7767778069576643,30
spatial,5,0.01,0,0.7932294087086408,49
spatial,5,0.1,0,0.7846664885105578,121
spatial,5,0.001,1,0.7736582168426253,31
spatial,5,0.01,1,0.7821016213217291,49
spatial,5,0.1,1,0.7738935506443614,136
spatial,5,0.001,2,0.7744132795613031,32
spatial,5,0.01,2,0.7886142706212872,51
spatial,5,0.1,2,0.777774146345433,125
spatial,6,0.001,0,0.7640061830175863,31
spatial,6,0.01,0,0.7773453839276905,43
spatial,6,0.1,0,0.7627951605953975,119
spatial,6,0.001,1,0.7783883314391581,34
spatial,6,0.01,1,0.7911588146341871,57
spatial,6,0.1,1,0.7879667692917822,163
spatial,6,0.001,2,0.7693925033517012,33
spatial,6,0.01,2,0.7853019295677547,58
spatial,6,0.1,2,0.7662019627971831,115
spatial,7,0.001,0,0.7709611771389625,30
spatial,7,0.01,0,0.7842533366343002,49
spatial,7,0.1,0,0.77387614679509,130
spatial,7,0.001,1,0.769430812928873,30
spatial,7,0.01,1,0.7820805005011495,51
spatial,7,0.1,1,0.7725297431825858,114
spatial,7,0.001,2,0.7683731110369378,32
spatial,7,0.01,2,0.7838064754243855,53
spatial,7,0.1,2,0.7779002500506679,142
spatial,8,0.001,0,0.7712483908968095,32
spatial,8,0.01,0,0.7826812904185126,51
spatial,8,0.1,0,0.7720848067948336,127
spatial,8,0.001,1,0.7700157947889851,33
spatial,8,0.01,1,0.7799965116572029,47
spatial,8,0.1,1,0.7770329098969541,115
spatial,8,0.001,2,0.7754395204137688,33
spatial,8,0.01,2,0.7831857647192844,53
spatial,8,0.1,2,0.7767728096762415,129
spatial,9,0.001,0,0.7711588932163677,31
spatial,9,0.01,0,0.778863118164293,51
spatial,9,0.1,0,0.7643954827454973,122
spatial,9,0.001,1,0.7749422417677024,28
spatial,9,0.01,1,0.7867337303489107,42
spatial,9,0.1,1,0.7769542402579032,121
spatial,9,0.001,2,0.7739803154229447,30
spatial,9,0.01,2,0.7874445902429157,42
spatial,9,0.1,2,0.7793390665672204,119
