model,feature_representation,outer_fold,condition,corruption,severity_name,severity_level,severity_value,C,solver,tol,max_iter,n_iter,n_train,n_test,accuracy,macro_precision,macro_recall,macro_f1
multiclass_logistic_regression,colour,0,clean,clean,clean,0,0.0,0.1,sag,0.001,1000,23,15322,1706,0.488862837045721,0.4738106658225176,0.48588294600188026,0.4724558511054479
multiclass_logistic_regression,colour,1,clean,clean,clean,0,0.0,0.1,sag,0.001,1000,22,15322,1706,0.5146541617819461,0.4924428386179094,0.5105352281986933,0.489062611449433
multiclass_logistic_regression,colour,2,clean,clean,clean,0,0.0,0.1,sag,0.001,1000,22,15322,1706,0.5005861664712778,0.4787003246279821,0.4959127259120237,0.4776615788176028
multiclass_logistic_regression,colour,3,clean,clean,clean,0,0.0,0.1,sag,0.001,1000,24,15324,1704,0.5052816901408451,0.4895360625936181,0.5017130102131211,0.48675526858728796
multiclass_logistic_regression,colour,4,clean,clean,clean,0,0.0,0.1,sag,0.001,1000,22,15325,1703,0.47856723429242515,0.4608943233306358,0.4748817036206241,0.4562386519194763
multiclass_logistic_regression,colour,5,clean,clean,clean,0,0.0,0.1,sag,0.001,1000,22,15327,1701,0.4773662551440329,0.4645190699171384,0.4738773696267993,0.46125734371346155
multiclass_logistic_regression,colour,6,clean,clean,clean,0,0.0,0.1,sag,0.001,1000,21,15327,1701,0.5061728395061729,0.4913514666358784,0.503068220029917,0.48833093011000733
multiclass_logistic_regression,colour,7,clean,clean,clean,0,0.0,0.1,sag,0.001,1000,22,15327,1701,0.49794238683127573,0.48479959768498465,0.49485989394742996,0.48098072225234006
multiclass_logistic_regression,colour,8,clean,clean,clean,0,0.0,0.1,sag,0.001,1000,22,15328,1700,0.4929411764705882,0.4797102801657061,0.4892185516805471,0.47497637246119745
multiclass_logistic_regression,colour,9,clean,clean,clean,0,0.0,0.1,sag,0.001,1000,20,15328,1700,0.5052941176470588,0.4887734695972414,0.501044309015663,0.48515839087262086
multiclass_logistic_regression,colour,0,blur_mild,blur,mild,1,1.0,0.1,sag,0.001,1000,23,15322,1706,0.48300117233294254,0.4607503180262908,0.47987400508961925,0.4592564626487508
multiclass_logistic_regression,colour,1,blur_mild,blur,mild,1,1.0,0.1,sag,0.001,1000,22,15322,1706,0.4970691676436108,0.4696179250632501,0.4932012530806993,0.466934943968832
multiclass_logistic_regression,colour,2,blur_mild,blur,mild,1,1.0,0.1,sag,0.001,1000,22,15322,1706,0.4876905041031653,0.4592402005189405,0.4827720485215074,0.45707384155290437
multiclass_logistic_regression,colour,3,blur_mild,blur,mild,1,1.0,0.1,sag,0.001,1000,24,15324,1704,0.47417840375586856,0.4438321877062829,0.47015195588313735,0.44569255483507514
multiclass_logistic_regression,colour,4,blur_mild,blur,mild,1,1.0,0.1,sag,0.001,1000,22,15325,1703,0.4768056371109806,0.4566864458574005,0.4728839081063012,0.4466559912423497
multiclass_logistic_regression,colour,5,blur_mild,blur,mild,1,1.0,0.1,sag,0.001,1000,22,15327,1701,0.4732510288065844,0.4473460405399197,0.469135305801392,0.4471914234847292
multiclass_logistic_regression,colour,6,blur_mild,blur,mild,1,1.0,0.1,sag,0.001,1000,21,15327,1701,0.47795414462081126,0.4437433497470947,0.47416108283294384,0.44597561098636546
multiclass_logistic_regression,colour,7,blur_mild,blur,mild,1,1.0,0.1,sag,0.001,1000,22,15327,1701,0.47442680776014107,0.44142833707558626,0.4700578627248289,0.44252126257447966
multiclass_logistic_regression,colour,8,blur_mild,blur,mild,1,1.0,0.1,sag,0.001,1000,22,15328,1700,0.4864705882352941,0.45607794658975065,0.4819968943362108,0.4565612945197142
multiclass_logistic_regression,colour,9,blur_mild,blur,mild,1,1.0,0.1,sag,0.001,1000,20,15328,1700,0.49058823529411766,0.46826474608688934,0.48676381899371174,0.46411326135884196
multiclass_logistic_regression,colour,0,blur_medium,blur,medium,2,2.0,0.1,sag,0.001,1000,23,15322,1706,0.46658851113716293,0.4378048417182176,0.4635415421255327,0.4403846457426888
multiclass_logistic_regression,colour,1,blur_medium,blur,medium,2,2.0,0.1,sag,0.001,1000,22,15322,1706,0.48182883939038684,0.45665195716036266,0.47853405098714713,0.45182234698279733
multiclass_logistic_regression,colour,2,blur_medium,blur,medium,2,2.0,0.1,sag,0.001,1000,22,15322,1706,0.48182883939038684,0.4537502060389384,0.4768228938143401,0.4488033140696112
multiclass_logistic_regression,colour,3,blur_medium,blur,medium,2,2.0,0.1,sag,0.001,1000,24,15324,1704,0.4612676056338028,0.4344495843110792,0.45771037534848125,0.4326705417043799
multiclass_logistic_regression,colour,4,blur_medium,blur,medium,2,2.0,0.1,sag,0.001,1000,22,15325,1703,0.4709336465061656,0.44321414595103464,0.4666164193018822,0.43706007375590844
multiclass_logistic_regression,colour,5,blur_medium,blur,medium,2,2.0,0.1,sag,0.001,1000,22,15327,1701,0.4591416813639036,0.43444953267073916,0.45550934814546507,0.4332968156088197
multiclass_logistic_regression,colour,6,blur_medium,blur,medium,2,2.0,0.1,sag,0.001,1000,21,15327,1701,0.4691358024691358,0.43363160461472955,0.46538875909715055,0.43552504573948964
multiclass_logistic_regression,colour,7,blur_medium,blur,medium,2,2.0,0.1,sag,0.001,1000,22,15327,1701,0.47442680776014107,0.44218997274381405,0.47025106348069184,0.4414303895986908
multiclass_logistic_regression,colour,8,blur_medium,blur,medium,2,2.0,0.1,sag,0.001,1000,22,15328,1700,0.48470588235294115,0.457065574310517,0.4805861575917949,0.45612120863495115
multiclass_logistic_regression,colour,9,blur_medium,blur,medium,2,2.0,0.1,sag,0.001,1000,20,15328,1700,0.48294117647058826,0.4651497545511171,0.47923906740329364,0.4553406706965175
multiclass_logistic_regression,colour,0,blur_severe,blur,severe,3,3.0,0.1,sag,0.001,1000,23,15322,1706,0.4577960140679953,0.4279628025341209,0.4547126726820716,0.4290673539872936
multiclass_logistic_regression,colour,1,blur_severe,blur,severe,3,3.0,0.1,sag,0.001,1000,22,15322,1706,0.48124267291910905,0.4593500571695753,0.4782789256358164,0.4523055328663657
multiclass_logistic_regression,colour,2,blur_severe,blur,severe,3,3.0,0.1,sag,0.001,1000,22,15322,1706,0.4765533411488863,0.4518793772951437,0.4718397077519099,0.44346960183303624
multiclass_logistic_regression,colour,3,blur_severe,blur,severe,3,3.0,0.1,sag,0.001,1000,24,15324,1704,0.4618544600938967,0.4301364442246532,0.45807146755285183,0.43153123212996897
multiclass_logistic_regression,colour,4,blur_severe,blur,severe,3,3.0,0.1,sag,0.001,1000,22,15325,1703,0.46858485026423957,0.4445858800440707,0.4644551327429885,0.4345539011599282
multiclass_logistic_regression,colour,5,blur_severe,blur,severe,3,3.0,0.1,sag,0.001,1000,22,15327,1701,0.4520870076425632,0.4305973151078712,0.4490290909305639,0.4262288945012577
multiclass_logistic_regression,colour,6,blur_severe,blur,severe,3,3.0,0.1,sag,0.001,1000,21,15327,1701,0.4626690182245738,0.4240829730497946,0.45884453023672095,0.4276850354864381
multiclass_logistic_regression,colour,7,blur_severe,blur,severe,3,3.0,0.1,sag,0.001,1000,22,15327,1701,0.46502057613168724,0.4365177661130753,0.4614081379731993,0.4328237449363159
multiclass_logistic_regression,colour,8,blur_severe,blur,severe,3,3.0,0.1,sag,0.001,1000,22,15328,1700,0.48470588235294115,0.45404478007803056,0.48064489287103046,0.45345700864787447
multiclass_logistic_regression,colour,9,blur_severe,blur,severe,3,3.0,0.1,sag,0.001,1000,20,15328,1700,0.48,0.4632424353470566,0.47646037791234086,0.45112272546174226
multiclass_logistic_regression,colour,0,brightness_mild,brightness,mild,1,0.8,0.1,sag,0.001,1000,23,15322,1706,0.4308323563892145,0.4030005093328611,0.42919226729443594,0.3895716723501075
multiclass_logistic_regression,colour,1,brightness_mild,brightness,mild,1,0.8,0.1,sag,0.001,1000,22,15322,1706,0.4232121922626026,0.4098693701058736,0.4216223846657033,0.3830659099339993
multiclass_logistic_regression,colour,2,brightness_mild,brightness,mild,1,0.8,0.1,sag,0.001,1000,22,15322,1706,0.4273153575615475,0.4036130260168891,0.42547047301778207,0.3864349221445245
multiclass_logistic_regression,colour,3,brightness_mild,brightness,mild,1,0.8,0.1,sag,0.001,1000,24,15324,1704,0.43661971830985913,0.41756669087019666,0.43481864673052345,0.3974421648831649
multiclass_logistic_regression,colour,4,brightness_mild,brightness,mild,1,0.8,0.1,sag,0.001,1000,22,15325,1703,0.42982971227246036,0.4061506360938412,0.4280460936719473,0.38744563702972434
multiclass_logistic_regression,colour,5,brightness_mild,brightness,mild,1,0.8,0.1,sag,0.001,1000,22,15327,1701,0.4191651969429747,0.40912044506174294,0.4180309591559033,0.38488604285545036
multiclass_logistic_regression,colour,6,brightness_mild,brightness,mild,1,0.8,0.1,sag,0.001,1000,21,15327,1701,0.4209288653733098,0.3871288601691861,0.42033840966027003,0.3783648195952127
multiclass_logistic_regression,colour,7,brightness_mild,brightness,mild,1,0.8,0.1,sag,0.001,1000,22,15327,1701,0.43033509700176364,0.42094675366441897,0.42936556935646303,0.39336760738165916
multiclass_logistic_regression,colour,8,brightness_mild,brightness,mild,1,0.8,0.1,sag,0.001,1000,22,15328,1700,0.42411764705882354,0.39686322888740677,0.42256366658883854,0.38339700545638405
multiclass_logistic_regression,colour,9,brightness_mild,brightness,mild,1,0.8,0.1,sag,0.001,1000,20,15328,1700,0.44529411764705884,0.40364811956083596,0.44347719674783853,0.40074197003605366
multiclass_logistic_regression,colour,0,brightness_medium,brightness,medium,2,0.6,0.1,sag,0.001,1000,23,15322,1706,0.2661195779601407,0.3054487938192324,0.2698871476251229,0.21173745342186487
multiclass_logistic_regression,colour,1,brightness_medium,brightness,medium,2,0.6,0.1,sag,0.001,1000,22,15322,1706,0.26318874560375144,0.30552335255991975,0.26733506203616414,0.2054367261277622
multiclass_logistic_regression,colour,2,brightness_medium,brightness,medium,2,0.6,0.1,sag,0.001,1000,22,15322,1706,0.2672919109026964,0.31834372754582296,0.2712686606849008,0.2091825763780294
multiclass_logistic_regression,colour,3,brightness_medium,brightness,medium,2,0.6,0.1,sag,0.001,1000,24,15324,1704,0.2687793427230047,0.30611297394488074,0.2729496408910343,0.21029085659152194
multiclass_logistic_regression,colour,4,brightness_medium,brightness,medium,2,0.6,0.1,sag,0.001,1000,22,15325,1703,0.273047563123899,0.309381055857516,0.27579389989256753,0.21817977264506805
multiclass_logistic_regression,colour,5,brightness_medium,brightness,medium,2,0.6,0.1,sag,0.001,1000,22,15327,1701,0.2674897119341564,0.29431807136746085,0.27167199358105426,0.2069503902421355
multiclass_logistic_regression,colour,6,brightness_medium,brightness,medium,2,0.6,0.1,sag,0.001,1000,21,15327,1701,0.2727807172251617,0.35954811903762424,0.2770826981829782,0.21360146792338827
multiclass_logistic_regression,colour,7,brightness_medium,brightness,medium,2,0.6,0.1,sag,0.001,1000,22,15327,1701,0.26455026455026454,0.2864523061861804,0.2686751471279626,0.2045247712310823
multiclass_logistic_regression,colour,8,brightness_medium,brightness,medium,2,0.6,0.1,sag,0.001,1000,22,15328,1700,0.27294117647058824,0.3179403372040847,0.27781494792207945,0.21805378337869818
multiclass_logistic_regression,colour,9,brightness_medium,brightness,medium,2,0.6,0.1,sag,0.001,1000,20,15328,1700,0.26823529411764707,0.29235019745036855,0.27227509698864977,0.2055211587175297
multiclass_logistic_regression,colour,0,brightness_severe,brightness,severe,3,0.4,0.1,sag,0.001,1000,23,15322,1706,0.20105509964830012,0.23574127953720622,0.20421274411744939,0.1147490576375391
multiclass_logistic_regression,colour,1,brightness_severe,brightness,severe,3,0.4,0.1,sag,0.001,1000,22,15322,1706,0.20105509964830012,0.25917073450126676,0.20429841403150853,0.1152489309981829
multiclass_logistic_regression,colour,2,brightness_severe,brightness,severe,3,0.4,0.1,sag,0.001,1000,22,15322,1706,0.19988276670574442,0.31344693299015697,0.20361436155429402,0.11092955729241245
multiclass_logistic_regression,colour,3,brightness_severe,brightness,severe,3,0.4,0.1,sag,0.001,1000,24,15324,1704,0.1983568075117371,0.25733387197263613,0.20165215335275025,0.11270068581137709
multiclass_logistic_regression,colour,4,brightness_severe,brightness,severe,3,0.4,0.1,sag,0.001,1000,22,15325,1703,0.20551967116852612,0.23441589222573941,0.20863357022231369,0.12076226406112313
multiclass_logistic_regression,colour,5,brightness_severe,brightness,severe,3,0.4,0.1,sag,0.001,1000,22,15327,1701,0.20340975896531452,0.2893749440230278,0.20667884547443852,0.12196343109564045
multiclass_logistic_regression,colour,6,brightness_severe,brightness,severe,3,0.4,0.1,sag,0.001,1000,21,15327,1701,0.19576719576719576,0.22510081764208256,0.19971329318681788,0.10841321065532943
multiclass_logistic_regression,colour,7,brightness_severe,brightness,severe,3,0.4,0.1,sag,0.001,1000,22,15327,1701,0.1951793062904174,0.38813030113341807,0.19916404768656137,0.10835776990659834
multiclass_logistic_regression,colour,8,brightness_severe,brightness,severe,3,0.4,0.1,sag,0.001,1000,22,15328,1700,0.20588235294117646,0.30691413878829316,0.2099307728888439,0.1241618406949147
multiclass_logistic_regression,colour,9,brightness_severe,brightness,severe,3,0.4,0.1,sag,0.001,1000,20,15328,1700,0.19411764705882353,0.14500535122105934,0.19802583343141225,0.102074111228689
multiclass_logistic_regression,hog,0,clean,clean,clean,0,0.0,0.01,sag,0.001,1000,47,15322,1706,0.7157092614302462,0.7204452164013847,0.7191879317830262,0.7187299171257564
multiclass_logistic_regression,hog,1,clean,clean,clean,0,0.0,0.01,sag,0.001,1000,49,15322,1706,0.7491207502930832,0.7541886473548239,0.7521540577155928,0.7524307479935368
multiclass_logistic_regression,hog,2,clean,clean,clean,0,0.0,0.01,sag,0.001,1000,50,15322,1706,0.7309495896834701,0.7345031435590447,0.7339103875202279,0.7335108327150471
multiclass_logistic_regression,hog,3,clean,clean,clean,0,0.0,0.01,sag,0.001,1000,49,15324,1704,0.7118544600938967,0.7191235747421376,0.7156230452813221,0.7164969022167463
multiclass_logistic_regression,hog,4,clean,clean,clean,0,0.0,0.01,sag,0.001,1000,49,15325,1703,0.7304756312389901,0.7382372614197695,0.7336364491641887,0.7348461477374156
multiclass_logistic_regression,hog,5,clean,clean,clean,0,0.0,0.01,sag,0.001,1000,47,15327,1701,0.7189888300999412,0.7228841519824535,0.7214219241405925,0.7217398250799348
multiclass_logistic_regression,hog,6,clean,clean,clean,0,0.0,0.01,sag,0.001,1000,45,15327,1701,0.7078189300411523,0.7126873168844399,0.7108421102562343,0.7112699569767579
multiclass_logistic_regression,hog,7,clean,clean,clean,0,0.0,0.01,sag,0.001,1000,48,15327,1701,0.7483833039388595,0.7522144371430847,0.7514186157124074,0.7503243480255004
multiclass_logistic_regression,hog,8,clean,clean,clean,0,0.0,0.01,sag,0.001,1000,50,15328,1700,0.7394117647058823,0.7451566163515634,0.7424915693945461,0.7430779501878649
multiclass_logistic_regression,hog,9,clean,clean,clean,0,0.0,0.01,sag,0.001,1000,46,15328,1700,0.6994117647058824,0.7051255150113125,0.703390794204856,0.7033892202825256
multiclass_logistic_regression,hog,0,blur_mild,blur,mild,1,1.0,0.01,sag,0.001,1000,47,15322,1706,0.6658851113716295,0.6789779027513445,0.6729782196566299,0.6630959032865151
multiclass_logistic_regression,hog,1,blur_mild,blur,mild,1,1.0,0.01,sag,0.001,1000,49,15322,1706,0.6875732708089097,0.7064930482048476,0.6947234595023616,0.6857005413450187
multiclass_logistic_regression,hog,2,blur_mild,blur,mild,1,1.0,0.01,sag,0.001,1000,50,15322,1706,0.6588511137162955,0.6776087708503219,0.664955565465175,0.6587580111871582
multiclass_logistic_regression,hog,3,blur_mild,blur,mild,1,1.0,0.01,sag,0.001,1000,49,15324,1704,0.6578638497652582,0.6735165723231294,0.6657602356760909,0.6562643418664188
multiclass_logistic_regression,hog,4,blur_mild,blur,mild,1,1.0,0.01,sag,0.001,1000,49,15325,1703,0.6647093364650617,0.6773369677802289,0.671796898712815,0.6628954336140339
multiclass_logistic_regression,hog,5,blur_mild,blur,mild,1,1.0,0.01,sag,0.001,1000,47,15327,1701,0.6407995296884186,0.6637430717138906,0.647531414841726,0.6414832242737277
multiclass_logistic_regression,hog,6,blur_mild,blur,mild,1,1.0,0.01,sag,0.001,1000,45,15327,1701,0.6549088771310994,0.6696141024790102,0.6624811790373575,0.651098412572714
multiclass_logistic_regression,hog,7,blur_mild,blur,mild,1,1.0,0.01,sag,0.001,1000,48,15327,1701,0.696061140505585,0.711549870158084,0.7031738633217826,0.6938143894207468
multiclass_logistic_regression,hog,8,blur_mild,blur,mild,1,1.0,0.01,sag,0.001,1000,50,15328,1700,0.6688235294117647,0.6840012512605124,0.675690882016008,0.6688167453148441
multiclass_logistic_regression,hog,9,blur_mild,blur,mild,1,1.0,0.01,sag,0.001,1000,46,15328,1700,0.6505882352941177,0.6719706148082517,0.6582888455644237,0.6518107082661921
multiclass_logistic_regression,hog,0,blur_medium,blur,medium,2,2.0,0.01,sag,0.001,1000,47,15322,1706,0.582063305978898,0.6071243553128653,0.5892100911343241,0.5781811808765722
multiclass_logistic_regression,hog,1,blur_medium,blur,medium,2,2.0,0.01,sag,0.001,1000,49,15322,1706,0.6101992966002344,0.6400311294888223,0.6174538565165201,0.6083401395537666
multiclass_logistic_regression,hog,2,blur_medium,blur,medium,2,2.0,0.01,sag,0.001,1000,50,15322,1706,0.5580304806565064,0.5858312810539905,0.5647154440785545,0.5551396269724066
multiclass_logistic_regression,hog,3,blur_medium,blur,medium,2,2.0,0.01,sag,0.001,1000,49,15324,1704,0.5757042253521126,0.5973663125791228,0.5846696034655547,0.572319521053695
multiclass_logistic_regression,hog,4,blur_medium,blur,medium,2,2.0,0.01,sag,0.001,1000,49,15325,1703,0.5871990604815033,0.6118680544642111,0.5938581844598234,0.5849800749256653
multiclass_logistic_regression,hog,5,blur_medium,blur,medium,2,2.0,0.01,sag,0.001,1000,47,15327,1701,0.5631981187536743,0.5990787873853113,0.5699865996182397,0.561897098439769
multiclass_logistic_regression,hog,6,blur_medium,blur,medium,2,2.0,0.01,sag,0.001,1000,45,15327,1701,0.5726043503821282,0.5978552506823774,0.5802284836756947,0.5651911312320813
multiclass_logistic_regression,hog,7,blur_medium,blur,medium,2,2.0,0.01,sag,0.001,1000,48,15327,1701,0.5925925925925926,0.6162919640955321,0.5996651227827089,0.591435685021994
multiclass_logistic_regression,hog,8,blur_medium,blur,medium,2,2.0,0.01,sag,0.001,1000,50,15328,1700,0.5770588235294117,0.6087551875018953,0.5840984040770321,0.5778184195918266
multiclass_logistic_regression,hog,9,blur_medium,blur,medium,2,2.0,0.01,sag,0.001,1000,46,15328,1700,0.57,0.6003973592384605,0.5783505991812247,0.5683718957275188
multiclass_logistic_regression,hog,0,blur_severe,blur,severe,3,3.0,0.01,sag,0.001,1000,47,15322,1706,0.522274325908558,0.5474267204351158,0.5286600983274458,0.5180573171148586
multiclass_logistic_regression,hog,1,blur_severe,blur,severe,3,3.0,0.01,sag,0.001,1000,49,15322,1706,0.5287221570926143,0.5674801759278749,0.534096983962649,0.5274813424031478
multiclass_logistic_regression,hog,2,blur_severe,blur,severe,3,3.0,0.01,sag,0.001,1000,50,15322,1706,0.49824150058616645,0.5400523207608442,0.5037416771897073,0.49655140346605453
multiclass_logistic_regression,hog,3,blur_severe,blur,severe,3,3.0,0.01,sag,0.001,1000,49,15324,1704,0.49413145539906106,0.527903877340088,0.5006481787746834,0.49091700991463955
multiclass_logistic_regression,hog,4,blur_severe,blur,severe,3,3.0,0.01,sag,0.001,1000,49,15325,1703,0.5179095713446858,0.5518591411909665,0.5236489904593814,0.5154588315006768
multiclass_logistic_regression,hog,5,blur_severe,blur,severe,3,3.0,0.01,sag,0.001,1000,47,15327,1701,0.49559082892416223,0.5327222977590805,0.5016200802940745,0.4953361253919267
multiclass_logistic_regression,hog,6,blur_severe,blur,severe,3,3.0,0.01,sag,0.001,1000,45,15327,1701,0.5073486184597296,0.5365120541974089,0.5143800544270349,0.49752057549682777
multiclass_logistic_regression,hog,7,blur_severe,blur,severe,3,3.0,0.01,sag,0.001,1000,48,15327,1701,0.5349794238683128,0.5670981042038339,0.5412465892724063,0.5355924428943569
multiclass_logistic_regression,hog,8,blur_severe,blur,severe,3,3.0,0.01,sag,0.001,1000,50,15328,1700,0.49823529411764705,0.539601293073137,0.5049622359678123,0.5003039997968438
multiclass_logistic_regression,hog,9,blur_severe,blur,severe,3,3.0,0.01,sag,0.001,1000,46,15328,1700,0.5052941176470588,0.5406956645142605,0.5125495314280998,0.5020215871521997
multiclass_logistic_regression,hog,0,brightness_mild,brightness,mild,1,0.8,0.01,sag,0.001,1000,47,15322,1706,0.7157092614302462,0.7204452164013847,0.7191879317830262,0.7187299171257564
multiclass_logistic_regression,hog,1,brightness_mild,brightness,mild,1,0.8,0.01,sag,0.001,1000,49,15322,1706,0.7491207502930832,0.7541886473548239,0.7521540577155928,0.7524307479935368
multiclass_logistic_regression,hog,2,brightness_mild,brightness,mild,1,0.8,0.01,sag,0.001,1000,50,15322,1706,0.7309495896834701,0.7345031435590447,0.7339103875202279,0.7335108327150471
multiclass_logistic_regression,hog,3,brightness_mild,brightness,mild,1,0.8,0.01,sag,0.001,1000,49,15324,1704,0.7118544600938967,0.7191235747421376,0.7156230452813221,0.7164969022167463
multiclass_logistic_regression,hog,4,brightness_mild,brightness,mild,1,0.8,0.01,sag,0.001,1000,49,15325,1703,0.7304756312389901,0.7382372614197695,0.7336364491641887,0.7348461477374156
multiclass_logistic_regression,hog,5,brightness_mild,brightness,mild,1,0.8,0.01,sag,0.001,1000,47,15327,1701,0.7189888300999412,0.7228841519824535,0.7214219241405925,0.7217398250799348
multiclass_logistic_regression,hog,6,brightness_mild,brightness,mild,1,0.8,0.01,sag,0.001,1000,45,15327,1701,0.7078189300411523,0.7126873168844399,0.7108421102562343,0.7112699569767579
multiclass_logistic_regression,hog,7,brightness_mild,brightness,mild,1,0.8,0.01,sag,0.001,1000,48,15327,1701,0.7483833039388595,0.7522144371430847,0.7514186157124074,0.7503243480255004
multiclass_logistic_regression,hog,8,brightness_mild,brightness,mild,1,0.8,0.01,sag,0.001,1000,50,15328,1700,0.7394117647058823,0.7451566163515634,0.7424915693945461,0.7430779501878649
multiclass_logistic_regression,hog,9,brightness_mild,brightness,mild,1,0.8,0.01,sag,0.001,1000,46,15328,1700,0.6994117647058824,0.7051255150113125,0.703390794204856,0.7033892202825256
multiclass_logistic_regression,hog,0,brightness_medium,brightness,medium,2,0.6,0.01,sag,0.001,1000,47,15322,1706,0.7157092614302462,0.7204452164013847,0.7191879317830262,0.7187299171257564
multiclass_logistic_regression,hog,1,brightness_medium,brightness,medium,2,0.6,0.01,sag,0.001,1000,49,15322,1706,0.7491207502930832,0.7541886473548239,0.7521540577155928,0.7524307479935368
multiclass_logistic_regression,hog,2,brightness_medium,brightness,medium,2,0.6,0.01,sag,0.001,1000,50,15322,1706,0.7309495896834701,0.7345031435590447,0.7339103875202279,0.7335108327150471
multiclass_logistic_regression,hog,3,brightness_medium,brightness,medium,2,0.6,0.01,sag,0.001,1000,49,15324,1704,0.7112676056338029,0.7186454590352959,0.7150256737162085,0.7159200151627024
multiclass_logistic_regression,hog,4,brightness_medium,brightness,medium,2,0.6,0.01,sag,0.001,1000,49,15325,1703,0.7304756312389901,0.7382372614197695,0.7336364491641887,0.7348461477374156
multiclass_logistic_regression,hog,5,brightness_medium,brightness,medium,2,0.6,0.01,sag,0.001,1000,47,15327,1701,0.7189888300999412,0.7228841519824535,0.7214219241405925,0.7217398250799348
multiclass_logistic_regression,hog,6,brightness_medium,brightness,medium,2,0.6,0.01,sag,0.001,1000,45,15327,1701,0.7078189300411523,0.7126873168844399,0.7108421102562343,0.7112699569767579
multiclass_logistic_regression,hog,7,brightness_medium,brightness,medium,2,0.6,0.01,sag,0.001,1000,48,15327,1701,0.7483833039388595,0.7522144371430847,0.7514186157124074,0.7503243480255004
multiclass_logistic_regression,hog,8,brightness_medium,brightness,medium,2,0.6,0.01,sag,0.001,1000,50,15328,1700,0.7394117647058823,0.7451566163515634,0.7424915693945461,0.7430779501878649
multiclass_logistic_regression,hog,9,brightness_medium,brightness,medium,2,0.6,0.01,sag,0.001,1000,46,15328,1700,0.6994117647058824,0.7051255150113125,0.703390794204856,0.7033892202825256
multiclass_logistic_regression,hog,0,brightness_severe,brightness,severe,3,0.4,0.01,sag,0.001,1000,47,15322,1706,0.7157092614302462,0.7204452164013847,0.7191879317830262,0.7187299171257564
multiclass_logistic_regression,hog,1,brightness_severe,brightness,severe,3,0.4,0.01,sag,0.001,1000,49,15322,1706,0.7491207502930832,0.7541886473548239,0.7521540577155928,0.7524307479935368
multiclass_logistic_regression,hog,2,brightness_severe,brightness,severe,3,0.4,0.01,sag,0.001,1000,50,15322,1706,0.7309495896834701,0.7345031435590447,0.7339103875202279,0.7335108327150471
multiclass_logistic_regression,hog,3,brightness_severe,brightness,severe,3,0.4,0.01,sag,0.001,1000,49,15324,1704,0.7118544600938967,0.7191235747421376,0.7156230452813221,0.7164969022167463
multiclass_logistic_regression,hog,4,brightness_severe,brightness,severe,3,0.4,0.01,sag,0.001,1000,49,15325,1703,0.7304756312389901,0.7382372614197695,0.7336364491641887,0.7348461477374156
multiclass_logistic_regression,hog,5,brightness_severe,brightness,severe,3,0.4,0.01,sag,0.001,1000,47,15327,1701,0.7189888300999412,0.7228841519824535,0.7214219241405925,0.7217398250799348
multiclass_logistic_regression,hog,6,brightness_severe,brightness,severe,3,0.4,0.01,sag,0.001,1000,45,15327,1701,0.7078189300411523,0.7126873168844399,0.7108421102562343,0.7112699569767579
multiclass_logistic_regression,hog,7,brightness_severe,brightness,severe,3,0.4,0.01,sag,0.001,1000,48,15327,1701,0.7483833039388595,0.7522144371430847,0.7514186157124074,0.7503243480255004
multiclass_logistic_regression,hog,8,brightness_severe,brightness,severe,3,0.4,0.01,sag,0.001,1000,50,15328,1700,0.7394117647058823,0.7451566163515634,0.7424915693945461,0.7430779501878649
multiclass_logistic_regression,hog,9,brightness_severe,brightness,severe,3,0.4,0.01,sag,0.001,1000,46,15328,1700,0.6994117647058824,0.7051255150113125,0.703390794204856,0.7033892202825256
multiclass_logistic_regression,lbp,0,clean,clean,clean,0,0.0,0.1,sag,0.001,1000,33,15322,1706,0.5627198124267292,0.5580359913831814,0.5645673312242072,0.5589136990791695
multiclass_logistic_regression,lbp,1,clean,clean,clean,0,0.0,0.1,sag,0.001,1000,33,15322,1706,0.5908558030480656,0.5919654629686829,0.5931066971818489,0.5907543669329439
multiclass_logistic_regression,lbp,2,clean,clean,clean,0,0.0,0.1,sag,0.001,1000,33,15322,1706,0.5914419695193435,0.5898920323013807,0.591713223015394,0.5866070050836867
multiclass_logistic_regression,lbp,3,clean,clean,clean,0,0.0,0.1,sag,0.001,1000,33,15324,1704,0.5903755868544601,0.5878657059150116,0.5914158449742322,0.5876708412067344
multiclass_logistic_regression,lbp,4,clean,clean,clean,0,0.0,0.1,sag,0.001,1000,33,15325,1703,0.5901350557839108,0.586961036096406,0.5910603751226047,0.5855538330580031
multiclass_logistic_regression,lbp,5,clean,clean,clean,0,0.0,0.1,sag,0.001,1000,32,15327,1701,0.5773074661963551,0.5766092101456533,0.5790156152950047,0.5754943345912028
multiclass_logistic_regression,lbp,6,clean,clean,clean,0,0.0,0.1,sag,0.001,1000,34,15327,1701,0.5925925925925926,0.5921725131027832,0.5942163212422747,0.5927682686667038
multiclass_logistic_regression,lbp,7,clean,clean,clean,0,0.0,0.1,sag,0.001,1000,34,15327,1701,0.6019988242210464,0.6004886700520456,0.6034074809794847,0.6002761480573272
multiclass_logistic_regression,lbp,8,clean,clean,clean,0,0.0,0.1,sag,0.001,1000,34,15328,1700,0.5764705882352941,0.5738272205688717,0.5782385043822861,0.5743320751750733
multiclass_logistic_regression,lbp,9,clean,clean,clean,0,0.0,0.1,sag,0.001,1000,34,15328,1700,0.5617647058823529,0.55710488158527,0.5637354465529546,0.5585415754234093
multiclass_logistic_regression,lbp,0,blur_mild,blur,mild,1,1.0,0.1,sag,0.001,1000,33,15322,1706,0.2502930832356389,0.18203612654457083,0.2503969526279686,0.1498084001122605
multiclass_logistic_regression,lbp,1,blur_mild,blur,mild,1,1.0,0.1,sag,0.001,1000,33,15322,1706,0.25205158264947247,0.21565830284745066,0.2525457565620776,0.15539881726602386
multiclass_logistic_regression,lbp,2,blur_mild,blur,mild,1,1.0,0.1,sag,0.001,1000,33,15322,1706,0.2444314185228605,0.1817619253587949,0.2442543109497718,0.1456856022211911
multiclass_logistic_regression,lbp,3,blur_mild,blur,mild,1,1.0,0.1,sag,0.001,1000,33,15324,1704,0.24589201877934272,0.17547803675753218,0.24692556722803097,0.1454266796656021
multiclass_logistic_regression,lbp,4,blur_mild,blur,mild,1,1.0,0.1,sag,0.001,1000,33,15325,1703,0.23781561949500882,0.18646728064508045,0.23834659008834558,0.1439822721872003
multiclass_logistic_regression,lbp,5,blur_mild,blur,mild,1,1.0,0.1,sag,0.001,1000,32,15327,1701,0.24867724867724866,0.18035729334311712,0.2484322973424897,0.1474864094513433
multiclass_logistic_regression,lbp,6,blur_mild,blur,mild,1,1.0,0.1,sag,0.001,1000,34,15327,1701,0.2551440329218107,0.18121895627951326,0.2564302960372356,0.1594957958998161
multiclass_logistic_regression,lbp,7,blur_mild,blur,mild,1,1.0,0.1,sag,0.001,1000,34,15327,1701,0.24397413286302175,0.1837493658883098,0.24384197043223754,0.15019812531493798
multiclass_logistic_regression,lbp,8,blur_mild,blur,mild,1,1.0,0.1,sag,0.001,1000,34,15328,1700,0.2529411764705882,0.19939808547888457,0.25414068261678163,0.15146756021756022
multiclass_logistic_regression,lbp,9,blur_mild,blur,mild,1,1.0,0.1,sag,0.001,1000,34,15328,1700,0.24294117647058824,0.19225615034217372,0.24384289711304044,0.1477016847890551
multiclass_logistic_regression,lbp,0,blur_medium,blur,medium,2,2.0,0.1,sag,0.001,1000,33,15322,1706,0.2033997655334115,0.1517882498225521,0.21018484746762034,0.11982993242556406
multiclass_logistic_regression,lbp,1,blur_medium,blur,medium,2,2.0,0.1,sag,0.001,1000,33,15322,1706,0.19284876905041032,0.15103664870557573,0.19968381865439455,0.11667143856412936
multiclass_logistic_regression,lbp,2,blur_medium,blur,medium,2,2.0,0.1,sag,0.001,1000,33,15322,1706,0.20164126611957797,0.1736258905300853,0.20843309450425332,0.12506489009656424
multiclass_logistic_regression,lbp,3,blur_medium,blur,medium,2,2.0,0.1,sag,0.001,1000,33,15324,1704,0.20539906103286384,0.14421838911002996,0.21286798363366885,0.12020292127339406
multiclass_logistic_regression,lbp,4,blur_medium,blur,medium,2,2.0,0.1,sag,0.001,1000,33,15325,1703,0.20434527304756311,0.15917791319641272,0.2117973571912932,0.12231058638873508
multiclass_logistic_regression,lbp,5,blur_medium,blur,medium,2,2.0,0.1,sag,0.001,1000,32,15327,1701,0.1934156378600823,0.15294144427678177,0.1991721459259201,0.11830632814640685
multiclass_logistic_regression,lbp,6,blur_medium,blur,medium,2,2.0,0.1,sag,0.001,1000,34,15327,1701,0.19929453262786595,0.14770334953060213,0.20674888767975194,0.11717243481295082
multiclass_logistic_regression,lbp,7,blur_medium,blur,medium,2,2.0,0.1,sag,0.001,1000,34,15327,1701,0.1934156378600823,0.173357432775241,0.20045756866629574,0.11769692429493961
multiclass_logistic_regression,lbp,8,blur_medium,blur,medium,2,2.0,0.1,sag,0.001,1000,34,15328,1700,0.20529411764705882,0.19525163167413698,0.21274538074928917,0.1258830035406083
multiclass_logistic_regression,lbp,9,blur_medium,blur,medium,2,2.0,0.1,sag,0.001,1000,34,15328,1700,0.19705882352941176,0.14459363044822518,0.2053523079805372,0.11712599709236744
multiclass_logistic_regression,lbp,0,blur_severe,blur,severe,3,3.0,0.1,sag,0.001,1000,33,15322,1706,0.17936694021101993,0.08596749023813453,0.18110419716585027,0.10894627086053675
multiclass_logistic_regression,lbp,1,blur_severe,blur,severe,3,3.0,0.1,sag,0.001,1000,33,15322,1706,0.17526377491207504,0.08703219260412941,0.17607193647132127,0.10909415921198752
multiclass_logistic_regression,lbp,2,blur_severe,blur,severe,3,3.0,0.1,sag,0.001,1000,33,15322,1706,0.17409144196951934,0.08692745772129042,0.17694120803425903,0.10835756667210755
multiclass_logistic_regression,lbp,3,blur_severe,blur,severe,3,3.0,0.1,sag,0.001,1000,33,15324,1704,0.1813380281690141,0.08918560036585588,0.18382568519606388,0.1127228798892861
multiclass_logistic_regression,lbp,4,blur_severe,blur,severe,3,3.0,0.1,sag,0.001,1000,33,15325,1703,0.19260129183793306,0.09514639388301943,0.19544787424013163,0.11982457477968723
multiclass_logistic_regression,lbp,5,blur_severe,blur,severe,3,3.0,0.1,sag,0.001,1000,32,15327,1701,0.18400940623162845,0.08791619342564871,0.18507820705751402,0.11273311035215798
multiclass_logistic_regression,lbp,6,blur_severe,blur,severe,3,3.0,0.1,sag,0.001,1000,34,15327,1701,0.18048206937095826,0.09052262583671751,0.18209359027102753,0.11227524851921517
multiclass_logistic_regression,lbp,7,blur_severe,blur,severe,3,3.0,0.1,sag,0.001,1000,34,15327,1701,0.18048206937095826,0.09267696260181081,0.18267920016281522,0.11199133313274724
multiclass_logistic_regression,lbp,8,blur_severe,blur,severe,3,3.0,0.1,sag,0.001,1000,34,15328,1700,0.18529411764705883,0.09427825341850204,0.18798343533622952,0.11441473118933494
multiclass_logistic_regression,lbp,9,blur_severe,blur,severe,3,3.0,0.1,sag,0.001,1000,34,15328,1700,0.1935294117647059,0.09674176942295293,0.19723749380814296,0.12275989268863292
multiclass_logistic_regression,lbp,0,brightness_mild,brightness,mild,1,0.8,0.1,sag,0.001,1000,33,15322,1706,0.5609613130128956,0.5561027068161447,0.5632762831521093,0.5580776136069788
multiclass_logistic_regression,lbp,1,brightness_mild,brightness,mild,1,0.8,0.1,sag,0.001,1000,33,15322,1706,0.6037514654161782,0.6054858206401402,0.6067461643739583,0.6051144076511881
multiclass_logistic_regression,lbp,2,brightness_mild,brightness,mild,1,0.8,0.1,sag,0.001,1000,33,15322,1706,0.5908558030480656,0.5880620209459819,0.5920888090210866,0.5876432215080708
multiclass_logistic_regression,lbp,3,brightness_mild,brightness,mild,1,0.8,0.1,sag,0.001,1000,33,15324,1704,0.5809859154929577,0.5799168323793874,0.5828785385824665,0.5798221135570033
multiclass_logistic_regression,lbp,4,brightness_mild,brightness,mild,1,0.8,0.1,sag,0.001,1000,33,15325,1703,0.5830886670581327,0.5784299146287248,0.5850613449013488,0.5797874252378702
multiclass_logistic_regression,lbp,5,brightness_mild,brightness,mild,1,0.8,0.1,sag,0.001,1000,32,15327,1701,0.569077013521458,0.5679945587065397,0.5718354100845593,0.567958108208671
multiclass_logistic_regression,lbp,6,brightness_mild,brightness,mild,1,0.8,0.1,sag,0.001,1000,34,15327,1701,0.5825984714873603,0.5825714550664469,0.5848179274169207,0.5829535336528343
multiclass_logistic_regression,lbp,7,brightness_mild,brightness,mild,1,0.8,0.1,sag,0.001,1000,34,15327,1701,0.6078777189888301,0.6058864642630623,0.609957635508288,0.6069624936599579
multiclass_logistic_regression,lbp,8,brightness_mild,brightness,mild,1,0.8,0.1,sag,0.001,1000,34,15328,1700,0.5929411764705882,0.590929406285735,0.5947575168870131,0.591130595227817
multiclass_logistic_regression,lbp,9,brightness_mild,brightness,mild,1,0.8,0.1,sag,0.001,1000,34,15328,1700,0.5694117647058824,0.5652276676883542,0.5714233314343374,0.5671858626936045
multiclass_logistic_regression,lbp,0,brightness_medium,brightness,medium,2,0.6,0.1,sag,0.001,1000,33,15322,1706,0.5662368112543963,0.5635946650249208,0.569092313214141,0.5636340413388673
multiclass_logistic_regression,lbp,1,brightness_medium,brightness,medium,2,0.6,0.1,sag,0.001,1000,33,15322,1706,0.5844079718640094,0.5844073188608956,0.5877699091596783,0.5844595027695646
multiclass_logistic_regression,lbp,2,brightness_medium,brightness,medium,2,0.6,0.1,sag,0.001,1000,33,15322,1706,0.5703399765533411,0.5679109622771595,0.5716531423645314,0.5674350119729237
multiclass_logistic_regression,lbp,3,brightness_medium,brightness,medium,2,0.6,0.1,sag,0.001,1000,33,15324,1704,0.5821596244131455,0.5830540460018134,0.5840374310015205,0.5807504711664079
multiclass_logistic_regression,lbp,4,brightness_medium,brightness,medium,2,0.6,0.1,sag,0.001,1000,33,15325,1703,0.5778038755137992,0.575185182225355,0.5797540771483456,0.5734788027680703
multiclass_logistic_regression,lbp,5,brightness_medium,brightness,medium,2,0.6,0.1,sag,0.001,1000,32,15327,1701,0.569077013521458,0.5682270065013402,0.5720450225121542,0.5670393042337569
multiclass_logistic_regression,lbp,6,brightness_medium,brightness,medium,2,0.6,0.1,sag,0.001,1000,34,15327,1701,0.5808348030570253,0.5823503247635594,0.5836843583063144,0.5808936553574223
multiclass_logistic_regression,lbp,7,brightness_medium,brightness,medium,2,0.6,0.1,sag,0.001,1000,34,15327,1701,0.5978835978835979,0.5965829494720171,0.5999609698333913,0.5969497695553059
multiclass_logistic_regression,lbp,8,brightness_medium,brightness,medium,2,0.6,0.1,sag,0.001,1000,34,15328,1700,0.59,0.5877443468560591,0.5922627339622174,0.5882023468843408
multiclass_logistic_regression,lbp,9,brightness_medium,brightness,medium,2,0.6,0.1,sag,0.001,1000,34,15328,1700,0.57,0.5674379818908412,0.5723081143116159,0.5680738632707226
multiclass_logistic_regression,lbp,0,brightness_severe,brightness,severe,3,0.4,0.1,sag,0.001,1000,33,15322,1706,0.5451348182883939,0.5535499115104993,0.5479955630681955,0.541336525233164
multiclass_logistic_regression,lbp,1,brightness_severe,brightness,severe,3,0.4,0.1,sag,0.001,1000,33,15322,1706,0.5744431418522861,0.5796342123368439,0.577646758599696,0.5714521466802265
multiclass_logistic_regression,lbp,2,brightness_severe,brightness,severe,3,0.4,0.1,sag,0.001,1000,33,15322,1706,0.5568581477139508,0.5664375113995684,0.5589888933121377,0.5553743792861265
multiclass_logistic_regression,lbp,3,brightness_severe,brightness,severe,3,0.4,0.1,sag,0.001,1000,33,15324,1704,0.5639671361502347,0.5718886707138867,0.5661637054402765,0.5609428143190799
multiclass_logistic_regression,lbp,4,brightness_severe,brightness,severe,3,0.4,0.1,sag,0.001,1000,33,15325,1703,0.5642982971227246,0.5707113961724345,0.5669218359740332,0.5596856252974167
multiclass_logistic_regression,lbp,5,brightness_severe,brightness,severe,3,0.4,0.1,sag,0.001,1000,32,15327,1701,0.5461493239271017,0.5508922494782537,0.5495132339331501,0.5421435621298638
multiclass_logistic_regression,lbp,6,brightness_severe,brightness,severe,3,0.4,0.1,sag,0.001,1000,34,15327,1701,0.5778953556731334,0.5910380109768231,0.5808572975107331,0.5783697640397173
multiclass_logistic_regression,lbp,7,brightness_severe,brightness,severe,3,0.4,0.1,sag,0.001,1000,34,15327,1701,0.5773074661963551,0.5820542242730301,0.5809333873181717,0.5762796180364259
multiclass_logistic_regression,lbp,8,brightness_severe,brightness,severe,3,0.4,0.1,sag,0.001,1000,34,15328,1700,0.5652941176470588,0.5764525835357578,0.5687659043390152,0.5645368913511003
multiclass_logistic_regression,lbp,9,brightness_severe,brightness,severe,3,0.4,0.1,sag,0.001,1000,34,15328,1700,0.5564705882352942,0.558865224732097,0.5596986787157254,0.5546927697785254
multiclass_logistic_regression,spatial,0,clean,clean,clean,0,0.0,0.01,sag,0.001,1000,45,15322,1706,0.7860492379835874,0.7894997213358276,0.7872362053148447,0.7875179334825746
multiclass_logistic_regression,spatial,1,clean,clean,clean,0,0.0,0.01,sag,0.001,1000,45,15322,1706,0.7907385697538101,0.7942833883342014,0.7922435326125705,0.7929269166452152
multiclass_logistic_regression,spatial,2,clean,clean,clean,0,0.0,0.01,sag,0.001,1000,46,15322,1706,0.7883939038686987,0.7899239166157693,0.7894439792353132,0.7892603101343902
multiclass_logistic_regression,spatial,3,clean,clean,clean,0,0.0,0.01,sag,0.001,1000,45,15324,1704,0.7975352112676056,0.8007699073119742,0.7993194493386944,0.7991237732860262
multiclass_logistic_regression,spatial,4,clean,clean,clean,0,0.0,0.01,sag,0.001,1000,43,15325,1703,0.7938931297709924,0.8005427554975485,0.7952629674242137,0.7971410750823353
multiclass_logistic_regression,spatial,5,clean,clean,clean,0,0.0,0.01,sag,0.001,1000,39,15327,1701,0.7771898883009994,0.7791918791844531,0.7783575296121831,0.7782829372077841
multiclass_logistic_regression,spatial,6,clean,clean,clean,0,0.0,0.01,sag,0.001,1000,45,15327,1701,0.7836566725455615,0.7854802355117818,0.7847065566647942,0.7850389002563426
multiclass_logistic_regression,spatial,7,clean,clean,clean,0,0.0,0.01,sag,0.001,1000,41,15327,1701,0.8012933568489125,0.8024407845869633,0.8032189345581721,0.802467185338283
multiclass_logistic_regression,spatial,8,clean,clean,clean,0,0.0,0.01,sag,0.001,1000,42,15328,1700,0.7994117647058824,0.8010054410659032,0.8006851789706944,0.8006525023306753
multiclass_logistic_regression,spatial,9,clean,clean,clean,0,0.0,0.01,sag,0.001,1000,39,15328,1700,0.7752941176470588,0.7775951635401817,0.7778029077377039,0.7772287747550531
multiclass_logistic_regression,spatial,0,blur_mild,blur,mild,1,1.0,0.01,sag,0.001,1000,45,15322,1706,0.5211019929660023,0.6854560525751796,0.520722582985699,0.4937650806537957
multiclass_logistic_regression,spatial,1,blur_mild,blur,mild,1,1.0,0.01,sag,0.001,1000,45,15322,1706,0.5474794841735052,0.7060947811840688,0.5455978687099131,0.517532104012456
multiclass_logistic_regression,spatial,2,blur_mild,blur,mild,1,1.0,0.01,sag,0.001,1000,46,15322,1706,0.5269636576787807,0.6827577521556184,0.5259211526044238,0.4964176002226539
multiclass_logistic_regression,spatial,3,blur_mild,blur,mild,1,1.0,0.01,sag,0.001,1000,45,15324,1704,0.5369718309859155,0.6899698175097738,0.5360374173103214,0.5157492208603929
multiclass_logistic_regression,spatial,4,blur_mild,blur,mild,1,1.0,0.01,sag,0.001,1000,43,15325,1703,0.5466823253082795,0.7090821711137503,0.5452473675432247,0.5240404398335908
multiclass_logistic_regression,spatial,5,blur_mild,blur,mild,1,1.0,0.01,sag,0.001,1000,39,15327,1701,0.5049970605526161,0.6876342505504054,0.5032914842324085,0.4728085698910182
multiclass_logistic_regression,spatial,6,blur_mild,blur,mild,1,1.0,0.01,sag,0.001,1000,45,15327,1701,0.5420340975896532,0.7007230760066716,0.5402035016507443,0.509216211328508
multiclass_logistic_regression,spatial,7,blur_mild,blur,mild,1,1.0,0.01,sag,0.001,1000,41,15327,1701,0.5373309817754263,0.6899358540415342,0.5359212442071722,0.5056695851579246
multiclass_logistic_regression,spatial,8,blur_mild,blur,mild,1,1.0,0.01,sag,0.001,1000,42,15328,1700,0.5170588235294118,0.696686499113353,0.5169821893589742,0.4832250857750344
multiclass_logistic_regression,spatial,9,blur_mild,blur,mild,1,1.0,0.01,sag,0.001,1000,39,15328,1700,0.5188235294117647,0.6874991325497216,0.5188106055045738,0.48808122225513867
multiclass_logistic_regression,spatial,0,blur_medium,blur,medium,2,2.0,0.01,sag,0.001,1000,45,15322,1706,0.3821805392731536,0.6304375956065872,0.3852098307774288,0.32907032150642035
multiclass_logistic_regression,spatial,1,blur_medium,blur,medium,2,2.0,0.01,sag,0.001,1000,45,15322,1706,0.40855803048065653,0.6231126694616412,0.4104100142094047,0.3509349827711439
multiclass_logistic_regression,spatial,2,blur_medium,blur,medium,2,2.0,0.01,sag,0.001,1000,46,15322,1706,0.36811254396248533,0.45602937060143595,0.37162658929596337,0.3094401003409964
multiclass_logistic_regression,spatial,3,blur_medium,blur,medium,2,2.0,0.01,sag,0.001,1000,45,15324,1704,0.3392018779342723,0.4267480371648591,0.3438953054390397,0.2914930980642971
multiclass_logistic_regression,spatial,4,blur_medium,blur,medium,2,2.0,0.01,sag,0.001,1000,43,15325,1703,0.3863769817968291,0.4797827392973521,0.39042063282053735,0.3406702118368583
multiclass_logistic_regression,spatial,5,blur_medium,blur,medium,2,2.0,0.01,sag,0.001,1000,39,15327,1701,0.3544973544973545,0.4531811165537105,0.356420147165204,0.2945451320512374
multiclass_logistic_regression,spatial,6,blur_medium,blur,medium,2,2.0,0.01,sag,0.001,1000,45,15327,1701,0.3932980599647266,0.4551049676569427,0.3964328180697784,0.33751387857993503
multiclass_logistic_regression,spatial,7,blur_medium,blur,medium,2,2.0,0.01,sag,0.001,1000,41,15327,1701,0.3786008230452675,0.4887445604508211,0.38173004702425656,0.33284738196855496
multiclass_logistic_regression,spatial,8,blur_medium,blur,medium,2,2.0,0.01,sag,0.001,1000,42,15328,1700,0.37176470588235294,0.6366192772804716,0.37522779139619655,0.31487625437134553
multiclass_logistic_regression,spatial,9,blur_medium,blur,medium,2,2.0,0.01,sag,0.001,1000,39,15328,1700,0.3611764705882353,0.404790147679629,0.3658218871299392,0.3058235992548873
multiclass_logistic_regression,spatial,0,blur_severe,blur,severe,3,3.0,0.01,sag,0.001,1000,45,15322,1706,0.41617819460726846,0.5903613513876188,0.41501313584887894,0.36541718320125066
multiclass_logistic_regression,spatial,1,blur_severe,blur,severe,3,3.0,0.01,sag,0.001,1000,45,15322,1706,0.4167643610785463,0.5552736807620812,0.413970089057283,0.3674915143092174
multiclass_logistic_regression,spatial,2,blur_severe,blur,severe,3,3.0,0.01,sag,0.001,1000,46,15322,1706,0.3862837045720985,0.6081088684664553,0.38636803729216834,0.3308158010763875
multiclass_logistic_regression,spatial,3,blur_severe,blur,severe,3,3.0,0.01,sag,0.001,1000,45,15324,1704,0.4014084507042254,0.5359721699537485,0.40274919210053534,0.36386217497267753
multiclass_logistic_regression,spatial,4,blur_severe,blur,severe,3,3.0,0.01,sag,0.001,1000,43,15325,1703,0.4210217263652378,0.583910642664107,0.42049001229361,0.3771549558038843
multiclass_logistic_regression,spatial,5,blur_severe,blur,severe,3,3.0,0.01,sag,0.001,1000,39,15327,1701,0.3956496178718401,0.5788118790755749,0.3920112029362084,0.3322060083242592
multiclass_logistic_regression,spatial,6,blur_severe,blur,severe,3,3.0,0.01,sag,0.001,1000,45,15327,1701,0.4079952968841858,0.569230248412415,0.40559804120310455,0.34655116366714633
multiclass_logistic_regression,spatial,7,blur_severe,blur,severe,3,3.0,0.01,sag,0.001,1000,41,15327,1701,0.41681363903586127,0.5894514473113878,0.41629321042303696,0.3659693633738501
multiclass_logistic_regression,spatial,8,blur_severe,blur,severe,3,3.0,0.01,sag,0.001,1000,42,15328,1700,0.41352941176470587,0.5824466414668851,0.4125343400703428,0.3587258725783431
multiclass_logistic_regression,spatial,9,blur_severe,blur,severe,3,3.0,0.01,sag,0.001,1000,39,15328,1700,0.4117647058823529,0.5248663337683346,0.4130436809904657,0.3666997575916347
multiclass_logistic_regression,spatial,0,brightness_mild,brightness,mild,1,0.8,0.01,sag,0.001,1000,45,15322,1706,0.7678780773739742,0.771334730261129,0.7700770880890966,0.7688025200138909
multiclass_logistic_regression,spatial,1,brightness_mild,brightness,mild,1,0.8,0.01,sag,0.001,1000,45,15322,1706,0.7719812426729191,0.7760261455738359,0.7747731362337379,0.773964489189345
multiclass_logistic_regression,spatial,2,brightness_mild,brightness,mild,1,0.8,0.01,sag,0.001,1000,46,15322,1706,0.7667057444314185,0.7692879487263359,0.7686917174488509,0.767786324928633
multiclass_logistic_regression,spatial,3,brightness_mild,brightness,mild,1,0.8,0.01,sag,0.001,1000,45,15324,1704,0.7769953051643192,0.7840792253455734,0.7793682713782718,0.7789573729147578
multiclass_logistic_regression,spatial,4,brightness_mild,brightness,mild,1,0.8,0.01,sag,0.001,1000,43,15325,1703,0.7933059307105108,0.7989268886186668,0.7950198719820348,0.7957156581854776
multiclass_logistic_regression,spatial,5,brightness_mild,brightness,mild,1,0.8,0.01,sag,0.001,1000,39,15327,1701,0.7566137566137566,0.7580213954576197,0.7590115024319287,0.7578660053030224
multiclass_logistic_regression,spatial,6,brightness_mild,brightness,mild,1,0.8,0.01,sag,0.001,1000,45,15327,1701,0.7642563198118754,0.7678843227105294,0.767096042554973,0.7650505700160178
multiclass_logistic_regression,spatial,7,brightness_mild,brightness,mild,1,0.8,0.01,sag,0.001,1000,41,15327,1701,0.7836566725455615,0.7870736872946403,0.786512974963613,0.7855920803030574
multiclass_logistic_regression,spatial,8,brightness_mild,brightness,mild,1,0.8,0.01,sag,0.001,1000,42,15328,1700,0.7788235294117647,0.7823896050357239,0.7811638891514353,0.7806161280881257
multiclass_logistic_regression,spatial,9,brightness_mild,brightness,mild,1,0.8,0.01,sag,0.001,1000,39,15328,1700,0.7558823529411764,0.7587874523868469,0.7595376673587669,0.7577716405930279
multiclass_logistic_regression,spatial,0,brightness_medium,brightness,medium,2,0.6,0.01,sag,0.001,1000,45,15322,1706,0.7045720984759671,0.7204219893534511,0.7084606671891788,0.6955676815969406
multiclass_logistic_regression,spatial,1,brightness_medium,brightness,medium,2,0.6,0.01,sag,0.001,1000,45,15322,1706,0.7256740914419695,0.7387487211566671,0.7299574847214106,0.7224973887555178
multiclass_logistic_regression,spatial,2,brightness_medium,brightness,medium,2,0.6,0.01,sag,0.001,1000,46,15322,1706,0.7080890973036342,0.7201173307487858,0.711659907541085,0.7048650609930549
multiclass_logistic_regression,spatial,3,brightness_medium,brightness,medium,2,0.6,0.01,sag,0.001,1000,45,15324,1704,0.7288732394366197,0.742358469019576,0.7319724265412799,0.72312797860224
multiclass_logistic_regression,spatial,4,brightness_medium,brightness,medium,2,0.6,0.01,sag,0.001,1000,43,15325,1703,0.7357604227833235,0.7521554746781359,0.7394791131398271,0.7311481821565975
multiclass_logistic_regression,spatial,5,brightness_medium,brightness,medium,2,0.6,0.01,sag,0.001,1000,39,15327,1701,0.6954732510288066,0.7118453845890199,0.6991421338342626,0.692961228590666
multiclass_logistic_regression,spatial,6,brightness_medium,brightness,medium,2,0.6,0.01,sag,0.001,1000,45,15327,1701,0.6990005878894768,0.7082253034674503,0.7034620196220865,0.6909791689927554
multiclass_logistic_regression,spatial,7,brightness_medium,brightness,medium,2,0.6,0.01,sag,0.001,1000,41,15327,1701,0.7342739564961788,0.7495674887514626,0.7382188294212592,0.7297447522327486
multiclass_logistic_regression,spatial,8,brightness_medium,brightness,medium,2,0.6,0.01,sag,0.001,1000,42,15328,1700,0.7247058823529412,0.7431575179840205,0.7286251436432524,0.7180085665668243
multiclass_logistic_regression,spatial,9,brightness_medium,brightness,medium,2,0.6,0.01,sag,0.001,1000,39,15328,1700,0.6952941176470588,0.7131408688493295,0.7003548362886347,0.6886487323586552
multiclass_logistic_regression,spatial,0,brightness_severe,brightness,severe,3,0.4,0.01,sag,0.001,1000,45,15322,1706,0.6617819460726846,0.6804639580382218,0.664718609383078,0.6530754494175718
multiclass_logistic_regression,spatial,1,brightness_severe,brightness,severe,3,0.4,0.01,sag,0.001,1000,45,15322,1706,0.6576787807737398,0.6712419468770033,0.6614683082108973,0.6521552974757802
multiclass_logistic_regression,spatial,2,brightness_severe,brightness,severe,3,0.4,0.01,sag,0.001,1000,46,15322,1706,0.6711606096131302,0.6861505637842686,0.6742231978738036,0.6620712870625346
multiclass_logistic_regression,spatial,3,brightness_severe,brightness,severe,3,0.4,0.01,sag,0.001,1000,45,15324,1704,0.6742957746478874,0.6806440721863934,0.6777479811970001,0.6608857869747096
multiclass_logistic_regression,spatial,4,brightness_severe,brightness,severe,3,0.4,0.01,sag,0.001,1000,43,15325,1703,0.6600117439812097,0.6681033465702372,0.6639872245949888,0.6530935902867551
multiclass_logistic_regression,spatial,5,brightness_severe,brightness,severe,3,0.4,0.01,sag,0.001,1000,39,15327,1701,0.6649029982363316,0.6796967755069373,0.6685461825833062,0.6601796823873488
multiclass_logistic_regression,spatial,6,brightness_severe,brightness,severe,3,0.4,0.01,sag,0.001,1000,45,15327,1701,0.6660787771898883,0.6681795527552197,0.6702590467607493,0.6572348757871812
multiclass_logistic_regression,spatial,7,brightness_severe,brightness,severe,3,0.4,0.01,sag,0.001,1000,41,15327,1701,0.6860670194003528,0.7015164574067846,0.689713575077232,0.6766408830676142
multiclass_logistic_regression,spatial,8,brightness_severe,brightness,severe,3,0.4,0.01,sag,0.001,1000,42,15328,1700,0.6858823529411765,0.6972664168824201,0.6893012358740966,0.6764964148117522
multiclass_logistic_regression,spatial,9,brightness_severe,brightness,severe,3,0.4,0.01,sag,0.001,1000,39,15328,1700,0.668235294117647,0.6806183137922686,0.6721578817996224,0.6607763519419207
