model,feature_representation,outer_fold,inner_fold,num_leaves,macro_f1,n_train,n_validation,n_iter
lightgbm,colour,0,0,127,0.5927114805315684,10212,5110,200
lightgbm,colour,0,1,127,0.6037600939385711,10215,5107,200
lightgbm,colour,0,2,127,0.6078094710549968,10217,5105,200
lightgbm,colour,0,0,31,0.593135597130677,10212,5110,200
lightgbm,colour,0,1,31,0.6014934705626251,10215,5107,200
lightgbm,colour,0,2,31,0.6030215903929086,10217,5105,200
lightgbm,colour,0,0,511,0.5936485089485627,10212,5110,200
lightgbm,colour,0,1,511,0.6053828665987651,10215,5107,200
lightgbm,colour,0,2,511,0.6026983664106375,10217,5105,200
lightgbm,colour,1,0,127,0.6014505652689508,10212,5110,200
lightgbm,colour,1,1,127,0.6082778232117322,10215,5107,200
lightgbm,colour,1,2,127,0.5945665463701139,10217,5105,200
lightgbm,colour,1,0,31,0.5929417039186938,10212,5110,200
lightgbm,colour,1,1,31,0.602667216142525,10215,5107,200
lightgbm,colour,1,2,31,0.5861440050099874,10217,5105,200
lightgbm,colour,1,0,511,0.5955892280068711,10212,5110,200
lightgbm,colour,1,1,511,0.6056378141344813,10215,5107,200
lightgbm,colour,1,2,511,0.591815880369775,10217,5105,200
lightgbm,colour,2,0,127,0.5948783634613176,10212,5110,200
lightgbm,colour,2,1,127,0.6029627234373534,10215,5107,200
lightgbm,colour,2,2,127,0.5983767213442421,10217,5105,200
lightgbm,colour,2,0,31,0.5937901618895238,10212,5110,200
lightgbm,colour,2,1,31,0.6019886453265614,10215,5107,200
lightgbm,colour,2,2,31,0.58680965041651,10217,5105,200
lightgbm,colour,2,0,511,0.5975853943823217,10212,5110,200
lightgbm,colour,2,1,511,0.59968604486226,10215,5107,200
lightgbm,colour,2,2,511,0.5948655331438586,10217,5105,200
lightgbm,colour,3,0,127,0.6062703913332104,10214,5110,200
lightgbm,colour,3,1,127,0.5999062288318732,10217,5107,200
lightgbm,colour,3,2,127,0.601049627741118,10217,5107,200
lightgbm,colour,3,0,31,0.6060843940997264,10214,5110,200
lightgbm,colour,3,1,31,0.5895249062356934,10217,5107,200
lightgbm,colour,3,2,31,0.599142157930512,10217,5107,200
lightgbm,colour,3,0,511,0.6006684009655437,10214,5110,200
lightgbm,colour,3,1,511,0.5975014505793562,10217,5107,200
lightgbm,colour,3,2,511,0.6022598162185325,10217,5107,200
lightgbm,colour,4,0,127,0.599526952238106,10214,5111,200
lightgbm,colour,4,1,127,0.600756133983044,10218,5107,200
lightgbm,colour,4,2,127,0.5997484283807694,10218,5107,200
lightgbm,colour,4,0,31,0.5932386310747425,10214,5111,200
lightgbm,colour,4,1,31,0.5971282967362214,10218,5107,200
lightgbm,colour,4,2,31,0.6013319113326642,10218,5107,200
lightgbm,colour,4,0,511,0.5896522051219519,10214,5111,200
lightgbm,colour,4,1,511,0.5974660787273718,10218,5107,200
lightgbm,colour,4,2,511,0.5988026709951131,10218,5107,200
lightgbm,colour,5,0,127,0.6077988777891193,10216,5111,200
lightgbm,colour,5,1,127,0.602363416688391,10218,5109,200
lightgbm,colour,5,2,127,0.5887905669937614,10220,5107,200
lightgbm,colour,5,0,31,0.6027350775298363,10216,5111,200
lightgbm,colour,5,1,31,0.5968718949079522,10218,5109,200
lightgbm,colour,5,2,31,0.584293290799589,10220,5107,200
lightgbm,colour,5,0,511,0.6081445257957334,10216,5111,200
lightgbm,colour,5,1,511,0.5986602003028022,10218,5109,200
lightgbm,colour,5,2,511,0.5870738824239813,10220,5107,200
lightgbm,colour,6,0,127,0.5864123481322006,10216,5111,200
lightgbm,colour,6,1,127,0.5988330711240909,10218,5109,200
lightgbm,colour,6,2,127,0.6043636776445446,10220,5107,200
lightgbm,colour,6,0,31,0.583273296930713,10216,5111,200
lightgbm,colour,6,1,31,0.5939967174588635,10218,5109,200
lightgbm,colour,6,2,31,0.6013266381863296,10220,5107,200
lightgbm,colour,6,0,511,0.5857911358261559,10216,5111,200
lightgbm,colour,6,1,511,0.6025636646400827,10218,5109,200
lightgbm,colour,6,2,511,0.6008454896863181,10220,5107,200
lightgbm,colour,7,0,127,0.6008352525910164,10216,5111,200
lightgbm,colour,7,1,127,0.6036676777105191,10218,5109,200
lightgbm,colour,7,2,127,0.5982743355886061,10220,5107,200
lightgbm,colour,7,0,31,0.5946762091182115,10216,5111,200
lightgbm,colour,7,1,31,0.5930327608607837,10218,5109,200
lightgbm,colour,7,2,31,0.5852038632465497,10220,5107,200
lightgbm,colour,7,0,511,0.6003831560472985,10216,5111,200
lightgbm,colour,7,1,511,0.6045159474438371,10218,5109,200
lightgbm,colour,7,2,511,0.5885037208592632,10220,5107,200
lightgbm,colour,8,0,127,0.5941524885724104,10217,5111,200
lightgbm,colour,8,1,127,0.5801581418220688,10218,5110,200
lightgbm,colour,8,2,127,0.6038328207036122,10221,5107,200
lightgbm,colour,8,0,31,0.5932777087133497,10217,5111,200
lightgbm,colour,8,1,31,0.5855817546693113,10218,5110,200
lightgbm,colour,8,2,31,0.5948331567965942,10221,5107,200
lightgbm,colour,8,0,511,0.5941723827492548,10217,5111,200
lightgbm,colour,8,1,511,0.5893429837451526,10218,5110,200
lightgbm,colour,8,2,511,0.6059152082142442,10221,5107,200
lightgbm,colour,9,0,127,0.5976165350905044,10217,5111,200
lightgbm,colour,9,1,127,0.5965238738049692,10218,5110,200
lightgbm,colour,9,2,127,0.6058030445724935,10221,5107,200
lightgbm,colour,9,0,31,0.5932037019764046,10217,5111,200
lightgbm,colour,9,1,31,0.5868801897849096,10218,5110,200
lightgbm,colour,9,2,31,0.6034996953471952,10221,5107,200
lightgbm,colour,9,0,511,0.6031268619691821,10217,5111,200
lightgbm,colour,9,1,511,0.5884998221528827,10218,5110,200
lightgbm,colour,9,2,511,0.604085183314023,10221,5107,200
lightgbm,lbp,0,0,15,0.6076971110550969,10212,5110,200
lightgbm,lbp,0,1,15,0.6056677721548779,10215,5107,200
lightgbm,lbp,0,2,15,0.6104468501265036,10217,5105,200
lightgbm,lbp,0,0,31,0.6047292858765899,10212,5110,200
lightgbm,lbp,0,1,31,0.6098876096708225,10215,5107,200
lightgbm,lbp,0,2,31,0.6155661423328794,10217,5105,200
lightgbm,lbp,0,0,63,0.6009463702338422,10212,5110,200
lightgbm,lbp,0,1,63,0.6093364109616504,10215,5107,200
lightgbm,lbp,0,2,63,0.6109177341092483,10217,5105,200
lightgbm,lbp,1,0,15,0.6085000079879229,10212,5110,200
lightgbm,lbp,1,1,15,0.6174123616025797,10215,5107,200
lightgbm,lbp,1,2,15,0.5914706766676378,10217,5105,200
lightgbm,lbp,1,0,31,0.607627863925314,10212,5110,200
lightgbm,lbp,1,1,31,0.6181096602651341,10215,5107,200
lightgbm,lbp,1,2,31,0.587528026373728,10217,5105,200
lightgbm,lbp,1,0,63,0.6090293168842513,10212,5110,200
lightgbm,lbp,1,1,63,0.6191045665777443,10215,5107,200
lightgbm,lbp,1,2,63,0.5859847366233121,10217,5105,200
lightgbm,lbp,2,0,15,0.6070305849437337,10212,5110,200
lightgbm,lbp,2,1,15,0.6074549785465323,10215,5107,200
lightgbm,lbp,2,2,15,0.5961479203036265,10217,5105,200
lightgbm,lbp,2,0,31,0.6148436320198737,10212,5110,200
lightgbm,lbp,2,1,31,0.612704090044685,10215,5107,200
lightgbm,lbp,2,2,31,0.5936672579274119,10217,5105,200
lightgbm,lbp,2,0,63,0.6096969428510582,10212,5110,200
lightgbm,lbp,2,1,63,0.6119195389275583,10215,5107,200
lightgbm,lbp,2,2,63,0.5903258113452289,10217,5105,200
lightgbm,lbp,3,0,15,0.6007544627464934,10214,5110,200
lightgbm,lbp,3,1,15,0.6046017829526451,10217,5107,200
lightgbm,lbp,3,2,15,0.6045464656049927,10217,5107,200
lightgbm,lbp,3,0,31,0.5967855941652168,10214,5110,200
lightgbm,lbp,3,1,31,0.6077073865289974,10217,5107,200
lightgbm,lbp,3,2,31,0.6042230452205946,10217,5107,200
lightgbm,lbp,3,0,63,0.5926155779632959,10214,5110,200
lightgbm,lbp,3,1,63,0.6053356157263304,10217,5107,200
lightgbm,lbp,3,2,63,0.6015203703840788,10217,5107,200
lightgbm,lbp,4,0,15,0.6135283488954163,10214,5111,200
lightgbm,lbp,4,1,15,0.6048212687526965,10218,5107,200
lightgbm,lbp,4,2,15,0.6041357159655489,10218,5107,200
lightgbm,lbp,4,0,31,0.6106045266237785,10214,5111,200
lightgbm,lbp,4,1,31,0.6011637250532708,10218,5107,200
lightgbm,lbp,4,2,31,0.6027028317641269,10218,5107,200
lightgbm,lbp,4,0,63,0.6144346435457229,10214,5111,200
lightgbm,lbp,4,1,63,0.6079346090356321,10218,5107,200
lightgbm,lbp,4,2,63,0.6076791567133655,10218,5107,200
lightgbm,lbp,5,0,15,0.6142908522277345,10216,5111,200
lightgbm,lbp,5,1,15,0.6011970420262319,10218,5109,200
lightgbm,lbp,5,2,15,0.6085367998883974,10220,5107,200
lightgbm,lbp,5,0,31,0.6149097540983582,10216,5111,200
lightgbm,lbp,5,1,31,0.6031143581931319,10218,5109,200
lightgbm,lbp,5,2,31,0.6131731389822436,10220,5107,200
lightgbm,lbp,5,0,63,0.6061197434210054,10216,5111,200
lightgbm,lbp,5,1,63,0.6016971629672248,10218,5109,200
lightgbm,lbp,5,2,63,0.6116369526587911,10220,5107,200
lightgbm,lbp,6,0,15,0.5978165743278647,10216,5111,200
lightgbm,lbp,6,1,15,0.607921310589399,10218,5109,200
lightgbm,lbp,6,2,15,0.6023183804961211,10220,5107,200
lightgbm,lbp,6,0,31,0.5971648035822078,10216,5111,200
lightgbm,lbp,6,1,31,0.6043202183943601,10218,5109,200
lightgbm,lbp,6,2,31,0.5965891999574301,10220,5107,200
lightgbm,lbp,6,0,63,0.5977659918036985,10216,5111,200
lightgbm,lbp,6,1,63,0.6045140534452714,10218,5109,200
lightgbm,lbp,6,2,63,0.5981060448552905,10220,5107,200
lightgbm,lbp,7,0,15,0.6150050585629027,10216,5111,200
lightgbm,lbp,7,1,15,0.5985396238753846,10218,5109,200
lightgbm,lbp,7,2,15,0.5928157228501415,10220,5107,200
lightgbm,lbp,7,0,31,0.6206491677291354,10216,5111,200
lightgbm,lbp,7,1,31,0.6000302374579982,10218,5109,200
lightgbm,lbp,7,2,31,0.5941693439486065,10220,5107,200
lightgbm,lbp,7,0,63,0.620045133018298,10216,5111,200
lightgbm,lbp,7,1,63,0.5994452440998899,10218,5109,200
lightgbm,lbp,7,2,63,0.5938601065017567,10220,5107,200
lightgbm,lbp,8,0,15,0.6016926231418601,10217,5111,200
lightgbm,lbp,8,1,15,0.6060726872676365,10218,5110,200
lightgbm,lbp,8,2,15,0.6028967431786584,10221,5107,200
lightgbm,lbp,8,0,31,0.6041684740470095,10217,5111,200
lightgbm,lbp,8,1,31,0.6099662643161864,10218,5110,200
lightgbm,lbp,8,2,31,0.6057935723358315,10221,5107,200
lightgbm,lbp,8,0,63,0.5938588189417137,10217,5111,200
lightgbm,lbp,8,1,63,0.6098090808304927,10218,5110,200
lightgbm,lbp,8,2,63,0.60617828965499,10221,5107,200
lightgbm,lbp,9,0,15,0.6039992933323546,10217,5111,200
lightgbm,lbp,9,1,15,0.6035483131964419,10218,5110,200
lightgbm,lbp,9,2,15,0.6152096576998528,10221,5107,200
lightgbm,lbp,9,0,31,0.6043866039700867,10217,5111,200
lightgbm,lbp,9,1,31,0.6050241218561564,10218,5110,200
lightgbm,lbp,9,2,31,0.6122720727844205,10221,5107,200
lightgbm,lbp,9,0,63,0.6037467698593478,10217,5111,200
lightgbm,lbp,9,1,63,0.6011145645180376,10218,5110,200
lightgbm,lbp,9,2,63,0.6066533681896894,10221,5107,200
lightgbm,hog,0,0,31,0.7627409687760988,10212,5110,200
lightgbm,hog,0,1,31,0.7658983487820917,10215,5107,200
lightgbm,hog,0,2,31,0.7719954573478204,10217,5105,200
lightgbm,hog,0,0,63,0.767084754908114,10212,5110,200
lightgbm,hog,0,1,63,0.758143643804379,10215,5107,200
lightgbm,hog,0,2,63,0.771998971626656,10217,5105,200
lightgbm,hog,0,0,127,0.7640823674930665,10212,5110,200
lightgbm,hog,0,1,127,0.7581601407401855,10215,5107,200
lightgbm,hog,0,2,127,0.7704345448050361,10217,5105,200
lightgbm,hog,1,0,31,0.7669295506614264,10212,5110,200
lightgbm,hog,1,1,31,0.7674081769723667,10215,5107,200
lightgbm,hog,1,2,31,0.7618574651249301,10217,5105,200
lightgbm,hog,1,0,63,0.7662643720845619,10212,5110,200
lightgbm,hog,1,1,63,0.7681881864654417,10215,5107,200
lightgbm,hog,1,2,63,0.7640315298585135,10217,5105,200
lightgbm,hog,1,0,127,0.7621344849058501,10212,5110,200
lightgbm,hog,1,1,127,0.7657499419053276,10215,5107,200
lightgbm,hog,1,2,127,0.7602993290130619,10217,5105,200
lightgbm,hog,2,0,31,0.7697197907496852,10212,5110,200
lightgbm,hog,2,1,31,0.7703129973761783,10215,5107,200
lightgbm,hog,2,2,31,0.7635672996377291,10217,5105,200
lightgbm,hog,2,0,63,0.7721063150724506,10212,5110,200
lightgbm,hog,2,1,63,0.7729130110825629,10215,5107,200
lightgbm,hog,2,2,63,0.7664670202166625,10217,5105,200
lightgbm,hog,2,0,127,0.7674747902583876,10212,5110,200
lightgbm,hog,2,1,127,0.7703371737168521,10215,5107,200
lightgbm,hog,2,2,127,0.7589423974277265,10217,5105,200
lightgbm,hog,3,0,31,0.7722428222316761,10214,5110,200
lightgbm,hog,3,1,31,0.7595386944881247,10217,5107,200
lightgbm,hog,3,2,31,0.7729001195007846,10217,5107,200
lightgbm,hog,3,0,63,0.7697364221510554,10214,5110,200
lightgbm,hog,3,1,63,0.76056576028486,10217,5107,200
lightgbm,hog,3,2,63,0.7756652078159375,10217,5107,200
lightgbm,hog,3,0,127,0.7661913098095793,10214,5110,200
lightgbm,hog,3,1,127,0.758235644428046,10217,5107,200
lightgbm,hog,3,2,127,0.7716990726098082,10217,5107,200
lightgbm,hog,4,0,31,0.7666517326514374,10214,5111,200
lightgbm,hog,4,1,31,0.7571573827300525,10218,5107,200
lightgbm,hog,4,2,31,0.7606813711830188,10218,5107,200
lightgbm,hog,4,0,63,0.7668191776469461,10214,5111,200
lightgbm,hog,4,1,63,0.760371791240262,10218,5107,200
lightgbm,hog,4,2,63,0.7666018439890424,10218,5107,200
lightgbm,hog,4,0,127,0.7659250190089114,10214,5111,200
lightgbm,hog,4,1,127,0.7604173109687423,10218,5107,200
lightgbm,hog,4,2,127,0.764844999171959,10218,5107,200
lightgbm,hog,5,0,31,0.760477095791996,10216,5111,200
lightgbm,hog,5,1,31,0.7606003649702165,10218,5109,200
lightgbm,hog,5,2,31,0.7689093912006185,10220,5107,200
lightgbm,hog,5,0,63,0.7647367318265411,10216,5111,200
lightgbm,hog,5,1,63,0.7617012576070992,10218,5109,200
lightgbm,hog,5,2,63,0.7706493774733542,10220,5107,200
lightgbm,hog,5,0,127,0.7634839836055751,10216,5111,200
lightgbm,hog,5,1,127,0.7569443039468675,10218,5109,200
lightgbm,hog,5,2,127,0.7730010950421939,10220,5107,200
lightgbm,hog,6,0,31,0.7636349211354551,10216,5111,200
lightgbm,hog,6,1,31,0.7708472528552889,10218,5109,200
lightgbm,hog,6,2,31,0.7666025286894887,10220,5107,200
lightgbm,hog,6,0,63,0.762333928468963,10216,5111,200
lightgbm,hog,6,1,63,0.7739594204913316,10218,5109,200
lightgbm,hog,6,2,63,0.7636369659092693,10220,5107,200
lightgbm,hog,6,0,127,0.760221256697041,10216,5111,200
lightgbm,hog,6,1,127,0.7722049572384783,10218,5109,200
lightgbm,hog,6,2,127,0.7682343206395364,10220,5107,200
lightgbm,hog,7,0,31,0.7631985945854023,10216,5111,200
lightgbm,hog,7,1,31,0.7622167765327045,10218,5109,200
lightgbm,hog,7,2,31,0.7512304940828436,10220,5107,200
lightgbm,hog,7,0,63,0.7661182856099183,10216,5111,200
lightgbm,hog,7,1,63,0.767346921130804,10218,5109,200
lightgbm,hog,7,2,63,0.7540910946334437,10220,5107,200
lightgbm,hog,7,0,127,0.7636255908687234,10216,5111,200
lightgbm,hog,7,1,127,0.760923026386133,10218,5109,200
lightgbm,hog,7,2,127,0.7495383495668664,10220,5107,200
lightgbm,hog,8,0,31,0.7598189921009748,10217,5111,200
lightgbm,hog,8,1,31,0.7586146178416883,10218,5110,200
lightgbm,hog,8,2,31,0.7749013467795649,10221,5107,200
lightgbm,hog,8,0,63,0.7608559490275354,10217,5111,200
lightgbm,hog,8,1,63,0.7546496468632743,10218,5110,200
lightgbm,hog,8,2,63,0.775208641806219,10221,5107,200
lightgbm,hog,8,0,127,0.7607876659621856,10217,5111,200
lightgbm,hog,8,1,127,0.7554615587496057,10218,5110,200
lightgbm,hog,8,2,127,0.7697029692806803,10221,5107,200
lightgbm,hog,9,0,31,0.7684396443813274,10217,5111,200
lightgbm,hog,9,1,31,0.7707626458905739,10218,5110,200
lightgbm,hog,9,2,31,0.7639744790416039,10221,5107,200
lightgbm,hog,9,0,63,0.7711256317362215,10217,5111,200
lightgbm,hog,9,1,63,0.7720823703029875,10218,5110,200
lightgbm,hog,9,2,63,0.7638304054575021,10221,5107,200
lightgbm,hog,9,0,127,0.7642498794545038,10217,5111,200
lightgbm,hog,9,1,127,0.7616169553054234,10218,5110,200
lightgbm,hog,9,2,127,0.7625614553755081,10221,5107,200
lightgbm,spatial,0,0,15,0.8249318255753172,10212,5110,200
lightgbm,spatial,0,1,15,0.8123455141135808,10215,5107,200
lightgbm,spatial,0,2,15,0.8230914710291196,10217,5105,200
lightgbm,spatial,0,0,31,0.8288203647450988,10212,5110,200
lightgbm,spatial,0,1,31,0.8207961724311533,10215,5107,200
lightgbm,spatial,0,2,31,0.8279311180605156,10217,5105,200
lightgbm,spatial,0,0,63,0.8304420341764885,10212,5110,200
lightgbm,spatial,0,1,63,0.8193317370352299,10215,5107,200
lightgbm,spatial,0,2,63,0.8258756007950897,10217,5105,200
lightgbm,spatial,1,0,15,0.8173688070081587,10212,5110,200
lightgbm,spatial,1,1,15,0.8272818902349012,10215,5107,200
lightgbm,spatial,1,2,15,0.8212388944185983,10217,5105,200
lightgbm,spatial,1,0,31,0.8184661454849849,10212,5110,200
lightgbm,spatial,1,1,31,0.8325806402301441,10215,5107,200
lightgbm,spatial,1,2,31,0.8253222727730889,10217,5105,200
lightgbm,spatial,1,0,63,0.8200092824966574,10212,5110,200
lightgbm,spatial,1,1,63,0.8308902427477163,10215,5107,200
lightgbm,spatial,1,2,63,0.82199740287454,10217,5105,200
lightgbm,spatial,2,0,15,0.820376319472789,10212,5110,200
lightgbm,spatial,2,1,15,0.8247895616357871,10215,5107,200
lightgbm,spatial,2,2,15,0.815010044162658,10217,5105,200
lightgbm,spatial,2,0,31,0.8206216074743228,10212,5110,200
lightgbm,spatial,2,1,31,0.8296503129935405,10215,5107,200
lightgbm,spatial,2,2,31,0.8184483453215972,10217,5105,200
lightgbm,spatial,2,0,63,0.8204340551266375,10212,5110,200
lightgbm,spatial,2,1,63,0.8278010984301157,10215,5107,200
lightgbm,spatial,2,2,63,0.8195185284365073,10217,5105,200
lightgbm,spatial,3,0,15,0.8182477225905854,10214,5110,200
lightgbm,spatial,3,1,15,0.8139739121821417,10217,5107,200
lightgbm,spatial,3,2,15,0.8175129189039086,10217,5107,200
lightgbm,spatial,3,0,31,0.8219343636054557,10214,5110,200
lightgbm,spatial,3,1,31,0.8202304956150082,10217,5107,200
lightgbm,spatial,3,2,31,0.8260298838619731,10217,5107,200
lightgbm,spatial,3,0,63,0.818459319027331,10214,5110,200
lightgbm,spatial,3,1,63,0.8218095503301067,10217,5107,200
lightgbm,spatial,3,2,63,0.8213539223271725,10217,5107,200
lightgbm,spatial,4,0,15,0.8238163776042836,10214,5111,200
lightgbm,spatial,4,1,15,0.8191701780208357,10218,5107,200
lightgbm,spatial,4,2,15,0.8186360027914709,10218,5107,200
lightgbm,spatial,4,0,31,0.8267143261141761,10214,5111,200
lightgbm,spatial,4,1,31,0.8197216665064513,10218,5107,200
lightgbm,spatial,4,2,31,0.8189036888802405,10218,5107,200
lightgbm,spatial,4,0,63,0.8297065434971298,10214,5111,200
lightgbm,spatial,4,1,63,0.8213596345669729,10218,5107,200
lightgbm,spatial,4,2,63,0.8196414144696345,10218,5107,200
lightgbm,spatial,5,0,15,0.8234663674546225,10216,5111,200
lightgbm,spatial,5,1,15,0.8201126374952364,10218,5109,200
lightgbm,spatial,5,2,15,0.816004193472156,10220,5107,200
lightgbm,spatial,5,0,31,0.8290550285520729,10216,5111,200
lightgbm,spatial,5,1,31,0.8244698322088371,10218,5109,200
lightgbm,spatial,5,2,31,0.8167019375797587,10220,5107,200
lightgbm,spatial,5,0,63,0.8276153929895548,10216,5111,200
lightgbm,spatial,5,1,63,0.824502524953047,10218,5109,200
lightgbm,spatial,5,2,63,0.8171211937820817,10220,5107,200
lightgbm,spatial,6,0,15,0.8118436391873481,10216,5111,200
lightgbm,spatial,6,1,15,0.8285834614645956,10218,5109,200
lightgbm,spatial,6,2,15,0.8144163447275696,10220,5107,200
lightgbm,spatial,6,0,31,0.8158361358242537,10216,5111,200
lightgbm,spatial,6,1,31,0.8324351339263455,10218,5109,200
lightgbm,spatial,6,2,31,0.8224312536727575,10220,5107,200
lightgbm,spatial,6,0,63,0.8179647090134226,10216,5111,200
lightgbm,spatial,6,1,63,0.8330410807802981,10218,5109,200
lightgbm,spatial,6,2,63,0.8148751564472146,10220,5107,200
lightgbm,spatial,7,0,15,0.8169327553340113,10216,5111,200
lightgbm,spatial,7,1,15,0.8207322298087911,10218,5109,200
lightgbm,spatial,7,2,15,0.807728066583103,10220,5107,200
lightgbm,spatial,7,0,31,0.8224123818021605,10216,5111,200
lightgbm,spatial,7,1,31,0.8240853284612006,10218,5109,200
lightgbm,spatial,7,2,31,0.8150732463254621,10220,5107,200
lightgbm,spatial,7,0,63,0.8208713161520151,10216,5111,200
lightgbm,spatial,7,1,63,0.8217041496359886,10218,5109,200
lightgbm,spatial,7,2,63,0.8139625481307277,10220,5107,200
lightgbm,spatial,8,0,15,0.8211036045138861,10217,5111,200
lightgbm,spatial,8,1,15,0.8144517951981559,10218,5110,200
lightgbm,spatial,8,2,15,0.8242165532415352,10221,5107,200
lightgbm,spatial,8,0,31,0.8263640938058625,10217,5111,200
lightgbm,spatial,8,1,31,0.8178031688322204,10218,5110,200
lightgbm,spatial,8,2,31,0.8251845905956072,10221,5107,200
lightgbm,spatial,8,0,63,0.8231386709698255,10217,5111,200
lightgbm,spatial,8,1,63,0.8188734631653093,10218,5110,200
lightgbm,spatial,8,2,63,0.8213954000858575,10221,5107,200
lightgbm,spatial,9,0,15,0.8218085962397823,10217,5111,200
lightgbm,spatial,9,1,15,0.8182211300046852,10218,5110,200
lightgbm,spatial,9,2,15,0.8196348313263081,10221,5107,200
lightgbm,spatial,9,0,31,0.8220955283175025,10217,5111,200
lightgbm,spatial,9,1,31,0.8255106801098483,10218,5110,200
lightgbm,spatial,9,2,31,0.8282585588359809,10221,5107,200
lightgbm,spatial,9,0,63,0.8259179693579938,10217,5111,200
lightgbm,spatial,9,1,63,0.8179093047856719,10218,5110,200
lightgbm,spatial,9,2,63,0.8242646018209423,10221,5107,200
