model,feature_representation,outer_fold,condition,num_leaves,accuracy,macro_precision,macro_recall,macro_f1,n_test,correct_predictions,n_iter
lightgbm,colour,0,clean,127,0.6289566236811255,0.6248670327293807,0.6278830042743545,0.6253018092191853,1706,1073,200
lightgbm,colour,0,blur_mild,127,0.45955451348182885,0.5099427090893033,0.4549489321657217,0.43253816894392183,1706,784,200
lightgbm,colour,0,blur_medium,127,0.3974208675263775,0.4637047784102939,0.39169676965436784,0.35860162126470496,1706,678,200
lightgbm,colour,0,blur_severe,127,0.37749120750293086,0.4618218402402829,0.3714206458836615,0.3293166240220709,1706,644,200
lightgbm,colour,0,brightness_mild,127,0.4155920281359906,0.5779285449152135,0.41545605651682443,0.3491566417880554,1706,709,200
lightgbm,colour,0,brightness_medium,127,0.3669402110199297,0.5119493944341279,0.3693091425086239,0.26914764461529844,1706,626,200
lightgbm,colour,0,brightness_severe,127,0.2696365767878077,0.14313599699291105,0.27299868378179076,0.17081469628484025,1706,460,200
lightgbm,colour,1,clean,127,0.61957796014068,0.6128258897193761,0.6172076503171567,0.6127135511405288,1706,1057,200
lightgbm,colour,1,blur_mild,127,0.46365767878077374,0.5205911434278131,0.4576242477491715,0.4329530432948196,1706,791,200
lightgbm,colour,1,blur_medium,127,0.41324736225087927,0.5075912380519818,0.406531515821596,0.3732552951665849,1706,705,200
lightgbm,colour,1,blur_severe,127,0.38159437280187575,0.4782806514325648,0.37415006286271923,0.3334475305391736,1706,651,200
lightgbm,colour,1,brightness_mild,127,0.42555685814771393,0.5534525411671544,0.4250485075238742,0.35629088685921184,1706,726,200
lightgbm,colour,1,brightness_medium,127,0.3686987104337632,0.37967206180696245,0.3701828018936482,0.27972010033698286,1706,629,200
lightgbm,colour,1,brightness_severe,127,0.246189917936694,0.1414068285034582,0.25016420572447734,0.15414844629960908,1706,420,200
lightgbm,colour,2,clean,127,0.6060961313012896,0.599854531716599,0.6032160759980544,0.6010021832838165,1706,1034,200
lightgbm,colour,2,blur_mild,127,0.45838218053927315,0.5024062381205239,0.45268118590318923,0.4208635898380217,1706,782,200
lightgbm,colour,2,blur_medium,127,0.41500586166471276,0.4955476596041802,0.40822345234291163,0.37097327590900925,1706,708,200
lightgbm,colour,2,blur_severe,127,0.38686987104337633,0.5100858422653496,0.37956275730423156,0.33931319611602134,1706,660,200
lightgbm,colour,2,brightness_mild,127,0.41500586166471276,0.4986775852696896,0.4139402272113751,0.3500911699063867,1706,708,200
lightgbm,colour,2,brightness_medium,127,0.37280187573270807,0.5085681048017409,0.37556972782235026,0.2940791806574996,1706,636,200
lightgbm,colour,2,brightness_severe,127,0.25908558030480655,0.15565642589691395,0.2627893893662145,0.16427744216065535,1706,442,200
lightgbm,colour,3,clean,127,0.6226525821596244,0.6185473863005188,0.6212868144219552,0.6194494817984547,1704,1061,200
lightgbm,colour,3,blur_mild,127,0.4565727699530516,0.5131057619142508,0.45163157039945806,0.4311025060377771,1704,778,200
lightgbm,colour,3,blur_medium,127,0.40082159624413144,0.4749568624357514,0.39488738575961624,0.35999319811657365,1704,683,200
lightgbm,colour,3,blur_severe,127,0.36561032863849763,0.46605119876545303,0.35923046569255734,0.3198496912657642,1704,623,200
lightgbm,colour,3,brightness_mild,127,0.4225352112676056,0.4695355386347381,0.421413802544173,0.3560232562909933,1704,720,200
lightgbm,colour,3,brightness_medium,127,0.3755868544600939,0.46789466081546993,0.37662789638514255,0.29758852956732895,1704,640,200
lightgbm,colour,3,brightness_severe,127,0.2711267605633803,0.1440331028334477,0.2725318336162988,0.17319246077258532,1704,462,200
lightgbm,colour,4,clean,127,0.6106870229007634,0.6063936962485025,0.6082379322974861,0.6058460883260789,1703,1040,200
lightgbm,colour,4,blur_mild,127,0.457428068115091,0.5081830201006191,0.4511715110809617,0.4248114522160175,1703,779,200
lightgbm,colour,4,blur_medium,127,0.42454492072812683,0.47649066905621024,0.4174968282006854,0.38118505518537965,1703,723,200
lightgbm,colour,4,blur_severe,127,0.38872577803875513,0.45443099904982326,0.3811975027283388,0.33770585457820895,1703,662,200
lightgbm,colour,4,brightness_mild,127,0.42043452730475633,0.5341762966435203,0.41967894071296213,0.3593775485396578,1703,716,200
lightgbm,colour,4,brightness_medium,127,0.37522019964768055,0.4487584106850286,0.37638561428512435,0.2834015230305652,1703,639,200
lightgbm,colour,4,brightness_severe,127,0.25484439224897243,0.14199277296236065,0.25836088545431596,0.1604602356847866,1703,434,200
lightgbm,colour,5,clean,127,0.6149323927101705,0.6119361443726677,0.6134448695454854,0.6118465247728616,1701,1046,200
lightgbm,colour,5,blur_mild,127,0.47501469723691947,0.5346729905616447,0.4700260807093901,0.4458008160773282,1701,808,200
lightgbm,colour,5,blur_medium,127,0.42386831275720166,0.4933180256622685,0.41819559681561264,0.38188968451386246,1701,721,200
lightgbm,colour,5,blur_severe,127,0.3897707231040564,0.44715531160742555,0.3832196950292614,0.34216563593343424,1701,663,200
lightgbm,colour,5,brightness_mild,127,0.4138741916519694,0.5369990615370815,0.4138406194605296,0.35538333813828066,1701,704,200
lightgbm,colour,5,brightness_medium,127,0.3544973544973545,0.44576166656557475,0.3571555944703184,0.26673977071025307,1701,603,200
lightgbm,colour,5,brightness_severe,127,0.24691358024691357,0.3062839027257868,0.2510269958136045,0.15370929942601652,1701,420,200
lightgbm,colour,6,clean,127,0.6243386243386243,0.6232941280331653,0.6228154909894968,0.6215836133377028,1701,1062,200
lightgbm,colour,6,blur_mild,127,0.47677836566725457,0.5010702605646161,0.47097818431660166,0.4418241650705059,1701,811,200
lightgbm,colour,6,blur_medium,127,0.42504409171075835,0.4713749830884922,0.41864023728762784,0.3780940807255006,1701,723,200
lightgbm,colour,6,blur_severe,127,0.3915343915343915,0.4662677063646454,0.3848240434445171,0.34180550400275034,1701,666,200
lightgbm,colour,6,brightness_mild,127,0.4315108759553204,0.5513644202565285,0.4318582003867406,0.3681170988427665,1701,734,200
lightgbm,colour,6,brightness_medium,127,0.37037037037037035,0.429964107480886,0.3730510577439623,0.27838801464168356,1701,630,200
lightgbm,colour,6,brightness_severe,127,0.25396825396825395,0.1453526092496865,0.25848954427554294,0.15717413249829706,1701,432,200
lightgbm,colour,7,clean,127,0.6296296296296297,0.6271043506989755,0.6280775586219175,0.6265986418751707,1701,1071,200
lightgbm,colour,7,blur_mild,127,0.46502057613168724,0.5176698524610116,0.4594692824602607,0.43559622460987596,1701,791,200
lightgbm,colour,7,blur_medium,127,0.4079952968841858,0.4469383381977885,0.4012531233334313,0.3589570661460129,1701,694,200
lightgbm,colour,7,blur_severe,127,0.3786008230452675,0.42819508448540705,0.3713591591893035,0.32597108568635963,1701,644,200
lightgbm,colour,7,brightness_mild,127,0.40858318636096413,0.5086486220926659,0.4083797854685663,0.34359275197243627,1701,695,200
lightgbm,colour,7,brightness_medium,127,0.36919459141681366,0.4910195550452487,0.3711894926697969,0.2695035829237412,1701,628,200
lightgbm,colour,7,brightness_severe,127,0.2586713697824809,0.15491880106770992,0.26301821879924697,0.1626544905321097,1701,440,200
lightgbm,colour,8,clean,511,0.6094117647058823,0.6025968496786803,0.6067327628126155,0.6026915521847511,1700,1036,200
lightgbm,colour,8,blur_mild,511,0.4688235294117647,0.5091296009538125,0.4627090326737257,0.43430026315471687,1700,797,200
lightgbm,colour,8,blur_medium,511,0.4211764705882353,0.5063903091132242,0.41397825162279195,0.3758988530046968,1700,716,200
lightgbm,colour,8,blur_severe,511,0.38941176470588235,0.4826302066673948,0.3819895284180422,0.3375620163026502,1700,662,200
lightgbm,colour,8,brightness_mild,511,0.4023529411764706,0.5744729976568035,0.40196142469088364,0.33001085030892985,1700,684,200
lightgbm,colour,8,brightness_medium,511,0.3635294117647059,0.3401910583737595,0.36504735612558,0.2612113693254351,1700,618,200
lightgbm,colour,8,brightness_severe,511,0.24176470588235294,0.13457391649488093,0.2457717716843364,0.14827587553740265,1700,411,200
lightgbm,colour,9,clean,127,0.5964705882352941,0.5959445819106373,0.5949613301035866,0.5949873903417854,1700,1014,200
lightgbm,colour,9,blur_mild,127,0.4682352941176471,0.4982582787541072,0.46236812334514604,0.4304606418752552,1700,796,200
lightgbm,colour,9,blur_medium,127,0.4288235294117647,0.47986070505680045,0.4223204020807423,0.3795473714860484,1700,729,200
lightgbm,colour,9,blur_severe,127,0.3947058823529412,0.45370137237002367,0.3875746223697832,0.3410260679141452,1700,671,200
lightgbm,colour,9,brightness_mild,127,0.42470588235294116,0.5166424568749968,0.4245351808613409,0.35550664753812583,1700,722,200
lightgbm,colour,9,brightness_medium,127,0.38176470588235295,0.4326381751704564,0.3833479952726487,0.2959198388857339,1700,649,200
lightgbm,colour,9,brightness_severe,127,0.27588235294117647,0.1620348367002941,0.27960411175287564,0.1776436543721551,1700,469,200
lightgbm,lbp,0,clean,31,0.5873388042203986,0.5877002397268067,0.5886908946362438,0.5868186198478814,1706,1002,200
lightgbm,lbp,0,blur_mild,31,0.2790152403282532,0.13903157416154396,0.27856840190244264,0.17671527021383607,1706,476,200
lightgbm,lbp,0,blur_medium,31,0.19050410316529895,0.18492765183162405,0.1882645801767194,0.12127147501856818,1706,325,200
lightgbm,lbp,0,blur_severe,31,0.1817116060961313,0.09823418170293885,0.17866556072201234,0.11706501511134097,1706,310,200
lightgbm,lbp,0,brightness_mild,31,0.5961313012895663,0.5987407831648724,0.5976771648722152,0.5969289456073588,1706,1017,200
lightgbm,lbp,0,brightness_medium,31,0.5791324736225087,0.5798886367360471,0.5814912957513733,0.5792275518535507,1706,988,200
lightgbm,lbp,0,brightness_severe,31,0.5644783118405627,0.5696669333169795,0.567555697655647,0.5629228080607839,1706,963,200
lightgbm,lbp,1,clean,15,0.6236811254396248,0.6283850848650445,0.6262320541418932,0.6265956447906379,1706,1064,200
lightgbm,lbp,1,blur_mild,15,0.2854630715123095,0.3281223240698328,0.28375487695122215,0.19453840809938383,1706,487,200
lightgbm,lbp,1,blur_medium,15,0.1899179366940211,0.12785621719386045,0.18887607684084765,0.11053449533410281,1706,324,200
lightgbm,lbp,1,blur_severe,15,0.182883939038687,0.06529081917993701,0.18176208891404136,0.08959164900868936,1706,312,200
lightgbm,lbp,1,brightness_mild,15,0.6078546307151231,0.611096423542352,0.6103407475537818,0.609469850233734,1706,1037,200
lightgbm,lbp,1,brightness_medium,15,0.6184056271981243,0.6226597632947445,0.6211253858620759,0.6189156157157084,1706,1055,200
lightgbm,lbp,1,brightness_severe,15,0.5943728018757327,0.6032625717025543,0.5979277533323447,0.5931421406651952,1706,1014,200
lightgbm,lbp,2,clean,31,0.6107854630715123,0.6137676611884917,0.6116099290738906,0.610781780058459,1706,1042,200
lightgbm,lbp,2,blur_mild,31,0.29718640093786636,0.35191997045611917,0.29420722919780423,0.19732630566669887,1706,507,200
lightgbm,lbp,2,blur_medium,31,0.1776084407971864,0.11440418875864562,0.17664875266530614,0.09039222653134381,1706,303,200
lightgbm,lbp,2,blur_severe,31,0.17057444314185227,0.06424944876810446,0.1698067974595988,0.08425956986842596,1706,291,200
lightgbm,lbp,2,brightness_mild,31,0.5996483001172332,0.6025971730564806,0.600527840580595,0.6003765958221384,1706,1023,200
lightgbm,lbp,2,brightness_medium,31,0.5908558030480656,0.5946171333854074,0.5928494117246185,0.5924218779550258,1706,1008,200
lightgbm,lbp,2,brightness_severe,31,0.5844079718640094,0.5878591668928723,0.5873619006785781,0.5828010791246315,1706,997,200
lightgbm,lbp,3,clean,15,0.6220657276995305,0.6252451033123526,0.6237626646066964,0.622896011450254,1704,1060,200
lightgbm,lbp,3,blur_mild,15,0.32629107981220656,0.3323729036712018,0.32353346660978016,0.21460418074323107,1704,556,200
lightgbm,lbp,3,blur_medium,15,0.18309859154929578,0.173627440151398,0.18097640953965233,0.10564098518039793,1704,312,200
lightgbm,lbp,3,blur_severe,15,0.16842723004694835,0.060723557028445174,0.16707342954159596,0.0830842260229258,1704,287,200
lightgbm,lbp,3,brightness_mild,15,0.6126760563380281,0.613863191326477,0.614330795977232,0.612964617581328,1704,1044,200
lightgbm,lbp,3,brightness_medium,15,0.6091549295774648,0.6127597182656435,0.6109321511890572,0.6085837310557156,1704,1038,200
lightgbm,lbp,3,brightness_severe,15,0.5809859154929577,0.5847914534646397,0.5846477609835135,0.5780206081417611,1704,990,200
lightgbm,lbp,4,clean,63,0.6118614210217264,0.6150196020636717,0.6133001919917648,0.6121455813526083,1703,1042,200
lightgbm,lbp,4,blur_mild,63,0.3082795067527892,0.1897985978481007,0.30408880340379385,0.2128831768500606,1703,525,200
lightgbm,lbp,4,blur_medium,63,0.19142689371697005,0.2128428511121857,0.1885610125151035,0.13448056985197918,1703,326,200
lightgbm,lbp,4,blur_severe,63,0.1849677040516735,0.09386435580726742,0.1817889132048509,0.11716162215853178,1703,315,200
lightgbm,lbp,4,brightness_mild,63,0.6183206106870229,0.6199012357754096,0.6203380215600954,0.619141226023684,1703,1053,200
lightgbm,lbp,4,brightness_medium,63,0.6106870229007634,0.6134034807905425,0.6133905246976022,0.611297404817575,1703,1040,200
lightgbm,lbp,4,brightness_severe,63,0.5977686435701702,0.6029436951307081,0.6010314591780977,0.594147469626081,1703,1018,200
lightgbm,lbp,5,clean,31,0.5902410346854792,0.5919132426204535,0.5919219581419151,0.5907049330825808,1701,1004,200
lightgbm,lbp,5,blur_mild,31,0.2915931804820694,0.1454918182300009,0.29057557596330974,0.1933062848236131,1701,496,200
lightgbm,lbp,5,blur_medium,31,0.18224573780129336,0.16672821705480922,0.18208185033032956,0.11817262594445128,1701,310,200
lightgbm,lbp,5,blur_severe,31,0.18400940623162845,0.11268284828273938,0.1825109672289019,0.0975858801459908,1701,313,200
lightgbm,lbp,5,brightness_mild,31,0.588477366255144,0.5922072382407338,0.5907137385707162,0.589791473309539,1701,1001,200
lightgbm,lbp,5,brightness_medium,31,0.5873015873015873,0.5911171060092044,0.5902654039994505,0.5874591676396204,1701,999,200
lightgbm,lbp,5,brightness_severe,31,0.5561434450323339,0.5645260880133011,0.5603609043386953,0.5545069258384191,1701,946,200
lightgbm,lbp,6,clean,15,0.6166960611405056,0.6198698417654868,0.6188179875508275,0.619252114082064,1701,1049,200
lightgbm,lbp,6,blur_mild,15,0.2827748383303939,0.3369152559122793,0.278395898735812,0.201447856104343,1701,481,200
lightgbm,lbp,6,blur_medium,15,0.16049382716049382,0.05729706016365479,0.1597118344928018,0.07837779270075773,1701,273,200
lightgbm,lbp,6,blur_severe,15,0.16343327454438566,0.08226982854087907,0.16224461612116584,0.08272998073685224,1701,278,200
lightgbm,lbp,6,brightness_mild,15,0.6096413874191652,0.6126932728187624,0.6122441335288826,0.6115782464670173,1701,1037,200
lightgbm,lbp,6,brightness_medium,15,0.6184597295708407,0.6210871093995923,0.6214689695511803,0.6180655763491075,1701,1052,200
lightgbm,lbp,6,brightness_severe,15,0.588477366255144,0.5992836932402016,0.5922317420341258,0.5849103048252875,1701,1001,200
lightgbm,lbp,7,clean,31,0.63668430335097,0.6381299087256952,0.6383100509159066,0.6373458958823468,1701,1083,200
lightgbm,lbp,7,blur_mild,31,0.2998236331569665,0.32472559252553623,0.2977782195365124,0.20158593365194807,1701,510,200
lightgbm,lbp,7,blur_medium,31,0.18106995884773663,0.1659527518172378,0.17819027773629859,0.09727860971599588,1701,308,200
lightgbm,lbp,7,blur_severe,31,0.17754262198706644,0.10336922150278571,0.17538155412907466,0.08941548391597454,1701,302,200
lightgbm,lbp,7,brightness_mild,31,0.6278659611992945,0.6288955414354095,0.6300087911722531,0.628355160533791,1701,1068,200
lightgbm,lbp,7,brightness_medium,31,0.6219870664315109,0.6239215638531145,0.6238135165219815,0.6220598563175165,1701,1058,200
lightgbm,lbp,7,brightness_severe,31,0.5984714873603763,0.6056072349902295,0.6019935937707332,0.5978830994777683,1701,1018,200
lightgbm,lbp,8,clean,31,0.6182352941176471,0.6219959227273392,0.6193243087881778,0.61977607709513,1700,1051,200
lightgbm,lbp,8,blur_mild,31,0.3058823529411765,0.3894258571701246,0.3024442177338492,0.2230494249605847,1700,520,200
lightgbm,lbp,8,blur_medium,31,0.1864705882352941,0.16731637301525282,0.18463919102021217,0.09556156533439579,1700,317,200
lightgbm,lbp,8,blur_severe,31,0.19470588235294117,0.08041053964680223,0.19037367521656445,0.1008785095299789,1700,331,200
lightgbm,lbp,8,brightness_mild,31,0.6058823529411764,0.610092882979872,0.6073656736183161,0.6075759725685463,1700,1030,200
lightgbm,lbp,8,brightness_medium,31,0.6,0.602929159068252,0.6017601334957875,0.6012756838612707,1700,1020,200
lightgbm,lbp,8,brightness_severe,31,0.5758823529411765,0.5834905265010976,0.5792746013812055,0.5754378034699011,1700,979,200
lightgbm,lbp,9,clean,15,0.5935294117647059,0.5965903590380605,0.5955968352374923,0.5948011282529666,1700,1009,200
lightgbm,lbp,9,blur_mild,15,0.28823529411764703,0.14500412543244665,0.2900989896815654,0.1845283927793631,1700,490,200
lightgbm,lbp,9,blur_medium,15,0.18764705882352942,0.12181513631093462,0.18706948151098257,0.1169365144322505,1700,319,200
lightgbm,lbp,9,blur_severe,15,0.16705882352941176,0.058803447568868204,0.1664549548480028,0.08036832365877657,1700,284,200
lightgbm,lbp,9,brightness_mild,15,0.601764705882353,0.6038306486014405,0.6035747676007093,0.6026011796827578,1700,1023,200
lightgbm,lbp,9,brightness_medium,15,0.6023529411764705,0.6037786644165871,0.6048931323123969,0.6032538978573198,1700,1024,200
lightgbm,lbp,9,brightness_severe,15,0.5829411764705882,0.5888887299572881,0.5868183370336272,0.5827382565786539,1700,991,200
lightgbm,hog,0,clean,31,0.7737397420867527,0.7765398301398453,0.7766490003700981,0.7764318193795785,1706,1320,200
lightgbm,hog,0,blur_mild,31,0.671746776084408,0.692064757736413,0.6798705426766647,0.6676072546358389,1706,1146,200
lightgbm,hog,0,blur_medium,31,0.5797186400937866,0.6207109622949676,0.5874050061796398,0.5707243941345203,1706,989,200
lightgbm,hog,0,blur_severe,31,0.48182883939038684,0.5522659058256932,0.48821655916633233,0.45816932868619514,1706,822,200
lightgbm,hog,0,brightness_mild,31,0.7737397420867527,0.7765398301398453,0.7766490003700981,0.7764318193795785,1706,1320,200
lightgbm,hog,0,brightness_medium,31,0.7737397420867527,0.7765398301398453,0.7766490003700981,0.7764318193795785,1706,1320,200
lightgbm,hog,0,brightness_severe,31,0.7737397420867527,0.7765398301398453,0.7766490003700981,0.7764318193795785,1706,1320,200
lightgbm,hog,1,clean,63,0.783704572098476,0.7886409837872755,0.7864048955746278,0.7873215011474864,1706,1337,200
lightgbm,hog,1,blur_mild,63,0.6922626025791325,0.7159089570732652,0.7000504405087743,0.6894956513544318,1706,1181,200
lightgbm,hog,1,blur_medium,63,0.5832356389214537,0.6350785278981306,0.5904767680719006,0.5720478072243788,1706,995,200
lightgbm,hog,1,blur_severe,63,0.4958968347010551,0.5705106764985323,0.5017247441259765,0.46722887117566136,1706,846,200
lightgbm,hog,1,brightness_mild,63,0.783704572098476,0.7886409837872755,0.7864048955746278,0.7873215011474864,1706,1337,200
lightgbm,hog,1,brightness_medium,63,0.783704572098476,0.7886409837872755,0.7864048955746278,0.7873215011474864,1706,1337,200
lightgbm,hog,1,brightness_severe,63,0.783704572098476,0.7886409837872755,0.7864048955746278,0.7873215011474864,1706,1337,200
lightgbm,hog,2,clean,63,0.7766705744431418,0.784743791024396,0.7787267467457054,0.780742617160387,1706,1325,200
lightgbm,hog,2,blur_mild,63,0.6899179366940211,0.7154787105859756,0.6966602930294096,0.6894686353725956,1706,1177,200
lightgbm,hog,2,blur_medium,63,0.5603751465416178,0.6120403736834714,0.5669111862155352,0.550667134106214,1706,956,200
lightgbm,hog,2,blur_severe,63,0.48827667057444313,0.5644401290012743,0.49356493337235935,0.4625941218652891,1706,833,200
lightgbm,hog,2,brightness_mild,63,0.7766705744431418,0.784743791024396,0.7787267467457054,0.780742617160387,1706,1325,200
lightgbm,hog,2,brightness_medium,63,0.7766705744431418,0.784743791024396,0.7787267467457054,0.780742617160387,1706,1325,200
lightgbm,hog,2,brightness_severe,63,0.7766705744431418,0.784743791024396,0.7787267467457054,0.780742617160387,1706,1325,200
lightgbm,hog,3,clean,63,0.7623239436619719,0.76895629455254,0.7656172877271087,0.7668686697658315,1704,1299,200
lightgbm,hog,3,blur_mild,63,0.681924882629108,0.7036209163231425,0.6896692466249982,0.6792580580922252,1704,1162,200
lightgbm,hog,3,blur_medium,63,0.579225352112676,0.635949960484804,0.5862799992037183,0.5720197755258668,1704,987,200
lightgbm,hog,3,blur_severe,63,0.4688967136150235,0.5531708274616148,0.4754746007732435,0.43809856226998695,1704,799,200
lightgbm,hog,3,brightness_mild,63,0.7623239436619719,0.76895629455254,0.7656172877271087,0.7668686697658315,1704,1299,200
lightgbm,hog,3,brightness_medium,63,0.7623239436619719,0.76895629455254,0.7656172877271087,0.7668686697658315,1704,1299,200
lightgbm,hog,3,brightness_severe,63,0.7623239436619719,0.76895629455254,0.7656172877271087,0.7668686697658315,1704,1299,200
lightgbm,hog,4,clean,63,0.7856723429242514,0.792367629965141,0.7883031257929048,0.7895860873935846,1703,1338,200
lightgbm,hog,4,blur_mild,63,0.6987668819729889,0.7211437473916359,0.7061767949190775,0.6969052275104399,1703,1190,200
lightgbm,hog,4,blur_medium,63,0.5713446858485026,0.6187473125487349,0.5786524677418652,0.5620607044855057,1703,973,200
lightgbm,hog,4,blur_severe,63,0.49911920140927774,0.5700755953513071,0.5057562577652771,0.4746451660642632,1703,850,200
lightgbm,hog,4,brightness_mild,63,0.7856723429242514,0.792367629965141,0.7883031257929048,0.7895860873935846,1703,1338,200
lightgbm,hog,4,brightness_medium,63,0.7856723429242514,0.792367629965141,0.7883031257929048,0.7895860873935846,1703,1338,200
lightgbm,hog,4,brightness_severe,63,0.7856723429242514,0.792367629965141,0.7883031257929048,0.7895860873935846,1703,1338,200
lightgbm,hog,5,clean,63,0.7601410934744268,0.7669529002196112,0.7623212893909428,0.7642254258832435,1701,1293,200
lightgbm,hog,5,blur_mild,63,0.6631393298059964,0.689257444081831,0.6696496876575377,0.6620908864354269,1701,1128,200
lightgbm,hog,5,blur_medium,63,0.5526161081716637,0.6106921319619459,0.5593084416611527,0.5407623619636683,1701,940,200
lightgbm,hog,5,blur_severe,63,0.4714873603762493,0.5480630608401252,0.47726301377863933,0.4388202293054824,1701,802,200
lightgbm,hog,5,brightness_mild,63,0.7601410934744268,0.7669529002196112,0.7623212893909428,0.7642254258832435,1701,1293,200
lightgbm,hog,5,brightness_medium,63,0.7601410934744268,0.7669529002196112,0.7623212893909428,0.7642254258832435,1701,1293,200
lightgbm,hog,5,brightness_severe,63,0.7601410934744268,0.7669529002196112,0.7623212893909428,0.7642254258832435,1701,1293,200
lightgbm,hog,6,clean,31,0.7566137566137566,0.7615697516901371,0.7598423963969351,0.7602537349226107,1701,1287,200
lightgbm,hog,6,blur_mild,31,0.6848912404467961,0.7049157133540703,0.6925930667881427,0.6807923862834571,1701,1165,200
lightgbm,hog,6,blur_medium,31,0.5726043503821282,0.6261412064485005,0.5791482205416153,0.5581340152891325,1701,974,200
lightgbm,hog,6,blur_severe,31,0.496766607877719,0.570127657442247,0.5026256305908127,0.4617900433638122,1701,845,200
lightgbm,hog,6,brightness_mild,31,0.7566137566137566,0.7615697516901371,0.7598423963969351,0.7602537349226107,1701,1287,200
lightgbm,hog,6,brightness_medium,31,0.7566137566137566,0.7615697516901371,0.7598423963969351,0.7602537349226107,1701,1287,200
lightgbm,hog,6,brightness_severe,31,0.7566137566137566,0.7615697516901371,0.7598423963969351,0.7602537349226107,1701,1287,200
lightgbm,hog,7,clean,63,0.7901234567901234,0.7953851991282633,0.7932155786118487,0.7933919223051714,1701,1344,200
lightgbm,hog,7,blur_mild,63,0.7078189300411523,0.729196986605209,0.7147972007348925,0.705997072826667,1701,1204,200
lightgbm,hog,7,blur_medium,63,0.5943562610229277,0.63916707985682,0.6018531417140708,0.5846249361038957,1701,1011,200
lightgbm,hog,7,blur_severe,63,0.5061728395061729,0.5782865913076878,0.5125900452145108,0.4817101764941351,1701,861,200
lightgbm,hog,7,brightness_mild,63,0.7901234567901234,0.7953851991282633,0.7932155786118487,0.7933919223051714,1701,1344,200
lightgbm,hog,7,brightness_medium,63,0.7901234567901234,0.7953851991282633,0.7932155786118487,0.7933919223051714,1701,1344,200
lightgbm,hog,7,brightness_severe,63,0.7901234567901234,0.7953851991282633,0.7932155786118487,0.7933919223051714,1701,1344,200
lightgbm,hog,8,clean,31,0.7776470588235294,0.7824991903136401,0.7803506941618662,0.7808186876223834,1700,1322,200
lightgbm,hog,8,blur_mild,31,0.6794117647058824,0.700548708926305,0.686488215558704,0.6796365252650993,1700,1155,200
lightgbm,hog,8,blur_medium,31,0.5647058823529412,0.6098112441860007,0.5722411829990047,0.5544412458111675,1700,960,200
lightgbm,hog,8,blur_severe,31,0.4747058823529412,0.5433976204889267,0.48092578908021816,0.44471503141742885,1700,807,200
lightgbm,hog,8,brightness_mild,31,0.7776470588235294,0.7824991903136401,0.7803506941618662,0.7808186876223834,1700,1322,200
lightgbm,hog,8,brightness_medium,31,0.7776470588235294,0.7824991903136401,0.7803506941618662,0.7808186876223834,1700,1322,200
lightgbm,hog,8,brightness_severe,31,0.7776470588235294,0.7824991903136401,0.7803506941618662,0.7808186876223834,1700,1322,200
lightgbm,hog,9,clean,63,0.7523529411764706,0.7600929806586584,0.7564537061783382,0.7579262748872343,1700,1279,200
lightgbm,hog,9,blur_mild,63,0.6729411764705883,0.6974039548758938,0.6813576782054097,0.672004124724008,1700,1144,200
lightgbm,hog,9,blur_medium,63,0.5547058823529412,0.6011483252488768,0.5630654974439184,0.5476395678727647,1700,943,200
lightgbm,hog,9,blur_severe,63,0.47705882352941176,0.5449350008323205,0.484395077088172,0.4578805105213579,1700,811,200
lightgbm,hog,9,brightness_mild,63,0.7523529411764706,0.7600929806586584,0.7564537061783382,0.7579262748872343,1700,1279,200
lightgbm,hog,9,brightness_medium,63,0.7523529411764706,0.7600929806586584,0.7564537061783382,0.7579262748872343,1700,1279,200
lightgbm,hog,9,brightness_severe,63,0.7523529411764706,0.7600929806586584,0.7564537061783382,0.7579262748872343,1700,1279,200
lightgbm,spatial,0,clean,31,0.8253223915592028,0.8262314718947614,0.8266023916152078,0.8262753017979519,1706,1408,200
lightgbm,spatial,0,blur_mild,31,0.6682297772567409,0.7219710580541553,0.6709369109222868,0.6712917892419109,1706,1140,200
lightgbm,spatial,0,blur_medium,31,0.5451348182883939,0.6326504782240882,0.5474048136231261,0.5407320213412333,1706,930,200
lightgbm,spatial,0,blur_severe,31,0.45310668229777257,0.5884553865702546,0.4547490624165251,0.4430416260612032,1706,773,200
lightgbm,spatial,0,brightness_mild,31,0.8007033997655334,0.8058429390195335,0.8036310072195175,0.8015553280100268,1706,1366,200
lightgbm,spatial,0,brightness_medium,31,0.7256740914419695,0.7552056999440814,0.7308442243556241,0.7077964072158585,1706,1238,200
lightgbm,spatial,0,brightness_severe,31,0.6828839390386869,0.6958119514277722,0.688219386899493,0.6417914350862443,1706,1165,200
lightgbm,spatial,1,clean,31,0.8229777256740914,0.8246465682839245,0.8240174346774883,0.8241069672234946,1706,1404,200
lightgbm,spatial,1,blur_mild,31,0.6828839390386869,0.7409350868622786,0.6842656408405531,0.6862963041540326,1706,1165,200
lightgbm,spatial,1,blur_medium,31,0.5463071512309496,0.645066320426959,0.5478081858881282,0.5416807154205512,1706,932,200
lightgbm,spatial,1,blur_severe,31,0.44431418522860494,0.5863922614265844,0.4439321105081631,0.4190401990440367,1706,758,200
lightgbm,spatial,1,brightness_mild,31,0.8071512309495897,0.8118139276731665,0.8101107002264198,0.8076621872574056,1706,1377,200
lightgbm,spatial,1,brightness_medium,31,0.7379835873388042,0.7667885280100082,0.7432982015198363,0.7234660571554524,1706,1259,200
lightgbm,spatial,1,brightness_severe,31,0.6928487690504103,0.7347108412169909,0.6985178512956098,0.6605198694372516,1706,1182,200
lightgbm,spatial,2,clean,31,0.8270808909730364,0.8285733495862098,0.8274260217816104,0.827777436987955,1706,1411,200
lightgbm,spatial,2,blur_mild,31,0.6559202813599062,0.7159887981411077,0.6570721415639746,0.6602070425736023,1706,1119,200
lightgbm,spatial,2,blur_medium,31,0.5205158264947245,0.6184856728431254,0.5223361615537231,0.5124960373150248,1706,888,200
lightgbm,spatial,2,blur_severe,31,0.44021101992966,0.576824113887784,0.44102282227833073,0.4218704486632208,1706,751,200
lightgbm,spatial,2,brightness_mild,31,0.8053927315357562,0.8093562296651394,0.8070400204509837,0.806215342285696,1706,1374,200
lightgbm,spatial,2,brightness_medium,31,0.7338804220398594,0.7658869333850976,0.7377025418450683,0.7221390399627688,1706,1252,200
lightgbm,spatial,2,brightness_severe,31,0.6852286049237983,0.7548120120767002,0.6894153555778737,0.6438935378739402,1706,1169,200
lightgbm,spatial,3,clean,31,0.8491784037558685,0.8508789973720731,0.8500588032242519,0.8504196472996083,1704,1447,200
lightgbm,spatial,3,blur_mild,31,0.6566901408450704,0.709383396892073,0.6587492536875609,0.656034094670808,1704,1119,200
lightgbm,spatial,3,blur_medium,31,0.528755868544601,0.6322535029286526,0.5311723305731354,0.5206466353596299,1704,901,200
lightgbm,spatial,3,blur_severe,31,0.4301643192488263,0.5716888181499235,0.4320287168356889,0.41117265449456836,1704,733,200
lightgbm,spatial,3,brightness_mild,31,0.8063380281690141,0.8144875257919789,0.8089664058383704,0.8071428071777403,1704,1374,200
lightgbm,spatial,3,brightness_medium,31,0.7359154929577465,0.7698551674901416,0.7407834542276931,0.7164572313455831,1704,1254,200
lightgbm,spatial,3,brightness_severe,31,0.6889671361502347,0.7650381465655736,0.694242008886936,0.64070080826933,1704,1174,200
lightgbm,spatial,4,clean,63,0.8391074574280681,0.8443026443860311,0.8394256758340984,0.8411932818676015,1703,1429,200
lightgbm,spatial,4,blur_mild,63,0.6699941280093952,0.7327464629409596,0.6706199881605683,0.6760736907396844,1703,1141,200
lightgbm,spatial,4,blur_medium,63,0.5184967704051674,0.6287912254519964,0.5192924747017599,0.5115844657333247,1703,883,200
lightgbm,spatial,4,blur_severe,63,0.4186729301233118,0.5624366072043894,0.4190584832953779,0.39226667862460673,1703,713,200
lightgbm,spatial,4,brightness_mild,63,0.8173810921902525,0.8256805635469631,0.8198358645447108,0.8196075582893648,1703,1392,200
lightgbm,spatial,4,brightness_medium,63,0.7475044039929536,0.7840900602783897,0.751773703877526,0.7363429511499344,1703,1273,200
lightgbm,spatial,4,brightness_severe,63,0.6899588960657663,0.770908897747133,0.6947634104657717,0.6454776388399207,1703,1175,200
lightgbm,spatial,5,clean,31,0.8253968253968254,0.8272780408311062,0.8258616612066372,0.8262491393165915,1701,1404,200
lightgbm,spatial,5,blur_mild,31,0.6678424456202234,0.7255979328720411,0.6682732800355978,0.6728861046430193,1701,1136,200
lightgbm,spatial,5,blur_medium,31,0.5220458553791887,0.6366395578736174,0.5228801599881446,0.5171367340390886,1701,888,200
lightgbm,spatial,5,blur_severe,31,0.43386243386243384,0.5954712623882195,0.4341461627443082,0.4114996388507362,1701,738,200
lightgbm,spatial,5,brightness_mild,31,0.8042328042328042,0.8071250331140445,0.8060494924391136,0.8051232959168043,1701,1368,200
lightgbm,spatial,5,brightness_medium,31,0.7325102880658436,0.7655609848763905,0.7371972603272119,0.7200636743589907,1701,1246,200
lightgbm,spatial,5,brightness_severe,31,0.678424456202234,0.7361059982890278,0.6835838782642277,0.6400460899155513,1701,1154,200
lightgbm,spatial,6,clean,31,0.8253968253968254,0.8280866663538201,0.8260299200558193,0.8269119488207904,1701,1404,200
lightgbm,spatial,6,blur_mild,31,0.6596119929453262,0.7272560281194141,0.6605734401887974,0.664006404223861,1701,1122,200
lightgbm,spatial,6,blur_medium,31,0.49559082892416223,0.6164818329492626,0.49691763745642153,0.4744590211317486,1701,843,200
lightgbm,spatial,6,blur_severe,31,0.4109347442680776,0.590024412860975,0.41103043523802557,0.3728279029464696,1701,699,200
lightgbm,spatial,6,brightness_mild,31,0.7901234567901234,0.7977937536925501,0.7928377529093605,0.7914699194430096,1701,1344,200
lightgbm,spatial,6,brightness_medium,31,0.7231040564373897,0.7642845204542043,0.7280864626433307,0.7005919931839396,1701,1230,200
lightgbm,spatial,6,brightness_severe,31,0.6807760141093474,0.7331116655934703,0.6858153399583515,0.638520501503959,1701,1158,200
lightgbm,spatial,7,clean,31,0.8459729570840682,0.8486667306411048,0.8475106912615389,0.8477995256509275,1701,1439,200
lightgbm,spatial,7,blur_mild,31,0.6801881246325691,0.7331487205359614,0.6815681115511891,0.684934568891444,1701,1157,200
lightgbm,spatial,7,blur_medium,31,0.5485008818342152,0.6369643249092402,0.5494593428316589,0.5362670344806103,1701,933,200
lightgbm,spatial,7,blur_severe,31,0.46678424456202233,0.5844994100586891,0.46785493726301614,0.4349695757535563,1701,794,200
lightgbm,spatial,7,brightness_mild,31,0.8265726043503822,0.8304060249734536,0.8291974719381101,0.8282142648704814,1701,1406,200
lightgbm,spatial,7,brightness_medium,31,0.7366255144032922,0.7799424438739003,0.7419975813495178,0.7106838386960573,1701,1253,200
lightgbm,spatial,7,brightness_severe,31,0.6901822457378013,0.60229886089005,0.6960228905658482,0.6390988143066038,1701,1174,200
lightgbm,spatial,8,clean,31,0.8311764705882353,0.8330986138409672,0.8317962426198315,0.8321408992640927,1700,1413,200
lightgbm,spatial,8,blur_mild,31,0.6676470588235294,0.7303189277084804,0.6693285223660292,0.6690182894210092,1700,1135,200
lightgbm,spatial,8,blur_medium,31,0.5288235294117647,0.6379366097595258,0.5299452954091866,0.5228382047993063,1700,899,200
lightgbm,spatial,8,blur_severe,31,0.44588235294117645,0.6014357187649427,0.44637685985052583,0.42873366277843244,1700,758,200
lightgbm,spatial,8,brightness_mild,31,0.8064705882352942,0.811573248829685,0.8085953513055925,0.8072998668117269,1700,1371,200
lightgbm,spatial,8,brightness_medium,31,0.7411764705882353,0.7764981871768438,0.7459315017764144,0.7240128884828289,1700,1260,200
lightgbm,spatial,8,brightness_severe,31,0.6823529411764706,0.7462567232840319,0.6879599163192074,0.6407359894575658,1700,1160,200
lightgbm,spatial,9,clean,31,0.8235294117647058,0.8259018806255951,0.8252025794128292,0.8253949649666737,1700,1400,200
lightgbm,spatial,9,blur_mild,31,0.6588235294117647,0.720865791776216,0.6611510795411345,0.6611477868567152,1700,1120,200
lightgbm,spatial,9,blur_medium,31,0.5358823529411765,0.6333153060424564,0.5376066269781624,0.5267031228402903,1700,911,200
lightgbm,spatial,9,blur_severe,31,0.45235294117647057,0.5805761811542373,0.45414514592565536,0.42649965609498164,1700,769,200
lightgbm,spatial,9,brightness_mild,31,0.8,0.8063440139291934,0.803153940603814,0.800269103202582,1700,1360,200
lightgbm,spatial,9,brightness_medium,31,0.7252941176470589,0.7671446958118353,0.7310031547302045,0.7033813287154084,1700,1233,200
lightgbm,spatial,9,brightness_severe,31,0.6864705882352942,0.7477148338781935,0.6920492760917041,0.6421500237026523,1700,1167,200
